"../../../Engine/Plugins/Animation/ACLPlugin/Content/ACLAnimCurveCompressionSettings.uasset" 0
"../../../Engine/Plugins/Animation/ACLPlugin/Content/ACLAnimCurveCompressionSettings.uexp" 1
"../../../Engine/Plugins/Animation/ACLPlugin/Content/ACLAnimBoneCompressionSettings.uasset" 2
"../../../Engine/Plugins/Animation/ACLPlugin/Content/ACLAnimBoneCompressionSettings.uexp" 3
"../../../Engine/Plugins/2D/Paper2D/Content/PlaceholderTextures/DummySpriteTexture.ubulk" 4
"../../../Engine/Plugins/2D/Paper2D/Content/PlaceholderTextures/DummySpriteTexture.uasset" 5
"../../../Engine/Plugins/2D/Paper2D/Content/PlaceholderTextures/DummySpriteTexture.uexp" 6
"../../../Engine/Plugins/2D/Paper2D/Content/DummySprite.uasset" 7
"../../../Engine/Plugins/2D/Paper2D/Content/DummySprite.uexp" 8
"../../../Engine/Plugins/2D/Paper2D/Content/DefaultPaperTerrainMaterial.uasset" 9
"../../../Engine/Plugins/2D/Paper2D/Content/DefaultPaperTerrainMaterial.uexp" 10
"../../../Engine/Plugins/Interchange/Runtime/Content/Pipelines/DefaultTexturePipeline.uasset" 11
"../../../Engine/Plugins/Interchange/Runtime/Content/Pipelines/DefaultTexturePipeline.uexp" 12
"../../../Engine/Plugins/Interchange/Runtime/Content/Pipelines/DefaultSceneLevelPipeline.uasset" 13
"../../../Engine/Plugins/Interchange/Runtime/Content/Pipelines/DefaultSceneLevelPipeline.uexp" 14
"../../../Engine/Plugins/Interchange/Runtime/Content/Pipelines/DefaultSceneAssetsPipeline.uasset" 15
"../../../Engine/Plugins/Interchange/Runtime/Content/Pipelines/DefaultSceneAssetsPipeline.uexp" 16
"../../../Engine/Plugins/Interchange/Runtime/Content/Pipelines/DefaultMaterialXPipeline.uasset" 17
"../../../Engine/Plugins/Interchange/Runtime/Content/Pipelines/DefaultMaterialXPipeline.uexp" 18
"../../../Engine/Plugins/Interchange/Runtime/Content/Pipelines/DefaultMaterialPipeline.uasset" 19
"../../../Engine/Plugins/Interchange/Runtime/Content/Pipelines/DefaultMaterialPipeline.uexp" 20
"../../../Engine/Plugins/Interchange/Runtime/Content/Pipelines/DefaultGLTFSceneAssetsPipeline.uasset" 21
"../../../Engine/Plugins/Interchange/Runtime/Content/Pipelines/DefaultGLTFSceneAssetsPipeline.uexp" 22
"../../../Engine/Plugins/Interchange/Runtime/Content/Pipelines/DefaultGLTFPipeline.uasset" 23
"../../../Engine/Plugins/Interchange/Runtime/Content/Pipelines/DefaultGLTFPipeline.uexp" 24
"../../../Engine/Plugins/Interchange/Runtime/Content/Pipelines/DefaultGLTFAssetsPipeline.uasset" 25
"../../../Engine/Plugins/Interchange/Runtime/Content/Pipelines/DefaultGLTFAssetsPipeline.uexp" 26
"../../../Engine/Plugins/Interchange/Runtime/Content/Pipelines/DefaultAssetsPipeline.uasset" 27
"../../../Engine/Plugins/Interchange/Runtime/Content/Pipelines/DefaultAssetsPipeline.uexp" 28
"../../../Engine/Plugins/Animation/ControlRig/Content/Controls/DefaultGizmoLibraryNormalized.uasset" 29
"../../../Engine/Plugins/Animation/ControlRig/Content/Controls/DefaultGizmoLibraryNormalized.uexp" 30
"../../../Engine/Content/EngineMaterials/DefaultPhysicalMaterial.uasset" 31
"../../../Engine/Content/EngineMaterials/DefaultPhysicalMaterial.uexp" 32
"../../../Engine/Content/EngineMaterials/DefaultDestructiblePhysicalMaterial.uasset" 33
"../../../Engine/Content/EngineMaterials/DefaultDestructiblePhysicalMaterial.uexp" 34
"../../../Engine/Content/EngineFonts/Faces/RobotoLight.uexp" 35
"../../../Engine/Content/EngineFonts/Faces/RobotoLight.uasset" 36
"../../../Engine/Content/EngineFonts/Faces/RobotoLight.ufont" 37
"../../../Engine/Content/EngineFonts/Faces/RobotoBold.uexp" 38
"../../../Engine/Content/EngineFonts/Faces/RobotoBold.uasset" 39
"../../../Engine/Content/EngineFonts/Faces/RobotoBold.ufont" 40
"../../../Engine/Content/EngineFonts/Faces/RobotoRegular.uexp" 41
"../../../Engine/Content/EngineFonts/Faces/RobotoRegular.uasset" 42
"../../../Engine/Content/EngineFonts/Faces/RobotoRegular.ufont" 43
"../../../Engine/Content/EngineFonts/Faces/DroidSansFallback.uexp" 44
"../../../Engine/Content/EngineFonts/Faces/DroidSansFallback.uasset" 45
"../../../Engine/Content/EngineFonts/Faces/DroidSansFallback.ufont" 46
"../../../Engine/Content/EngineFonts/Faces/RobotoItalic.uexp" 47
"../../../Engine/Content/EngineFonts/Faces/RobotoItalic.uasset" 48
"../../../Engine/Content/EngineFonts/Faces/RobotoItalic.ufont" 49
"../../../Engine/Content/EngineFonts/Faces/RobotoBoldItalic.uexp" 50
"../../../Engine/Content/EngineFonts/Faces/RobotoBoldItalic.uasset" 51
"../../../Engine/Content/EngineFonts/Faces/RobotoBoldItalic.ufont" 52
"../../../Engine/Content/EngineFonts/Roboto.uasset" 53
"../../../Engine/Content/EngineFonts/Roboto.uexp" 54
"../../../Engine/Content/MobileResources/HUD/VirtualJoystick_Background.uasset" 55
"../../../Engine/Content/MobileResources/HUD/VirtualJoystick_Background.uexp" 56
"../../../Engine/Content/MobileResources/HUD/VirtualJoystick_Thumb.uasset" 57
"../../../Engine/Content/MobileResources/HUD/VirtualJoystick_Thumb.uexp" 58
"../../../Engine/Content/MobileResources/HUD/DefaultVirtualJoysticks.uasset" 59
"../../../Engine/Content/MobileResources/HUD/DefaultVirtualJoysticks.uexp" 60
"../../../Engine/Content/EditorResources/S_Actor.ubulk" 61
"../../../Engine/Content/EditorResources/S_Actor.uasset" 62
"../../../Engine/Content/EditorResources/S_Actor.uexp" 63
"../../../Engine/Content/EditorResources/S_BoxReflectionCapture.uasset" 64
"../../../Engine/Content/EditorResources/S_BoxReflectionCapture.uexp" 65
"../../../Engine/Content/EngineResources/DefaultTextureCube.uasset" 66
"../../../Engine/Content/EngineResources/DefaultTextureCube.uexp" 67
"../../../Engine/Content/EngineResources/DefaultVolumeTexture2D.uasset" 68
"../../../Engine/Content/EngineResources/DefaultVolumeTexture2D.uexp" 69
"../../../Engine/Content/EngineResources/DefaultVolumeTexture.uasset" 70
"../../../Engine/Content/EngineResources/DefaultVolumeTexture.uexp" 71
"../../../Engine/Plugins/Runtime/AudioWidgets/Content/Resources/ScrubHandleDown_Clamped.uasset" 72
"../../../Engine/Plugins/Runtime/AudioWidgets/Content/Resources/ScrubHandleDown_Clamped.uexp" 73
"../../../Engine/Plugins/Interchange/Assets/Content/Functions/MX_UsdPreviewSurface.uasset" 74
"../../../Engine/Plugins/Interchange/Assets/Content/Functions/MX_UsdPreviewSurface.uexp" 75
"../../../Engine/Plugins/Interchange/Assets/Content/Functions/MX_UniformEDF.uasset" 76
"../../../Engine/Plugins/Interchange/Assets/Content/Functions/MX_UniformEDF.uexp" 77
"../../../Engine/Plugins/Interchange/Assets/Content/Functions/MX_TranslucentBSDF.uasset" 78
"../../../Engine/Plugins/Interchange/Assets/Content/Functions/MX_TranslucentBSDF.uexp" 79
"../../../Engine/Plugins/Interchange/Assets/Content/Functions/MX_ThinFilmBSDF.uasset" 80
"../../../Engine/Plugins/Interchange/Assets/Content/Functions/MX_ThinFilmBSDF.uexp" 81
"../../../Engine/Plugins/Interchange/Assets/Content/Functions/MX_SurfaceUnlit.uasset" 82
"../../../Engine/Plugins/Interchange/Assets/Content/Functions/MX_SurfaceUnlit.uexp" 83
"../../../Engine/Plugins/Interchange/Assets/Content/Functions/MX_Surface.uasset" 84
"../../../Engine/Plugins/Interchange/Assets/Content/Functions/MX_Surface.uexp" 85
"../../../Engine/Plugins/Interchange/Assets/Content/Functions/MX_SubsurfaceBSDF.uasset" 86
"../../../Engine/Plugins/Interchange/Assets/Content/Functions/MX_SubsurfaceBSDF.uexp" 87
"../../../Engine/Plugins/Interchange/Assets/Content/Functions/MX_SheenBSDF.uasset" 88
"../../../Engine/Plugins/Interchange/Assets/Content/Functions/MX_SheenBSDF.uexp" 89
"../../../Engine/Plugins/Interchange/Assets/Content/Functions/MX_OrenNayarBSDF.uasset" 90
"../../../Engine/Plugins/Interchange/Assets/Content/Functions/MX_OrenNayarBSDF.uexp" 91
"../../../Engine/Plugins/Interchange/Assets/Content/Utilities/New_LUT.uasset" 92
"../../../Engine/Plugins/Interchange/Assets/Content/Utilities/New_LUT.uexp" 93
"../../../Engine/Content/Functions/Engine_MaterialFunctions03/Math/RemapValueRange.uasset" 94
"../../../Engine/Content/Functions/Engine_MaterialFunctions03/Math/RemapValueRange.uexp" 95
"../../../Engine/Plugins/Interchange/Assets/Content/Functions/MF_Iridescence.uasset" 96
"../../../Engine/Plugins/Interchange/Assets/Content/Functions/MF_Iridescence.uexp" 97
"../../../Engine/Plugins/Interchange/Assets/Content/Functions/MX_StandardSurface.uasset" 98
"../../../Engine/Plugins/Interchange/Assets/Content/Functions/MX_StandardSurface.uexp" 99
"../../../Engine/Plugins/Interchange/Assets/Content/Functions/MX_TransmissionSurface.uasset" 100
"../../../Engine/Plugins/Interchange/Assets/Content/Functions/MX_TransmissionSurface.uexp" 101
"../../../Engine/Plugins/Interchange/Assets/Content/Functions/MX_OpenPBR_Translucent.uasset" 102
"../../../Engine/Plugins/Interchange/Assets/Content/Functions/MX_OpenPBR_Translucent.uexp" 103
"../../../Engine/Plugins/Interchange/Assets/Content/Functions/MX_OpenPBR_Opaque.uasset" 104
"../../../Engine/Plugins/Interchange/Assets/Content/Functions/MX_OpenPBR_Opaque.uexp" 105
"../../../Engine/Plugins/Interchange/Assets/Content/Functions/MX_MeasuredEDF.uasset" 106
"../../../Engine/Plugins/Interchange/Assets/Content/Functions/MX_MeasuredEDF.uexp" 107
"../../../Engine/Plugins/Interchange/Assets/Content/Functions/MX_GeneralizedSchlickBSDF.uasset" 108
"../../../Engine/Plugins/Interchange/Assets/Content/Functions/MX_GeneralizedSchlickBSDF.uexp" 109
"../../../Engine/Plugins/Interchange/Assets/Content/Functions/MX_DielectricBSDF.uasset" 110
"../../../Engine/Plugins/Interchange/Assets/Content/Functions/MX_DielectricBSDF.uexp" 111
"../../../Engine/Plugins/Interchange/Assets/Content/Functions/MX_ConicalEDF.uasset" 112
"../../../Engine/Plugins/Interchange/Assets/Content/Functions/MX_ConicalEDF.uexp" 113
"../../../Engine/Plugins/Interchange/Assets/Content/Functions/MX_ConductorBSDF.uasset" 114
"../../../Engine/Plugins/Interchange/Assets/Content/Functions/MX_ConductorBSDF.uexp" 115
"../../../Engine/Plugins/Interchange/Assets/Content/Functions/MX_BurleyDiffuseBSDF.uasset" 116
"../../../Engine/Plugins/Interchange/Assets/Content/Functions/MX_BurleyDiffuseBSDF.uexp" 117
"../../../Engine/Plugins/Interchange/Assets/Content/Functions/MX_AnisotropicVDF.uasset" 118
"../../../Engine/Plugins/Interchange/Assets/Content/Functions/MX_AnisotropicVDF.uexp" 119
"../../../Engine/Plugins/Interchange/Assets/Content/Functions/MX_AbsorptionVDF.uasset" 120
"../../../Engine/Plugins/Interchange/Assets/Content/Functions/MX_AbsorptionVDF.uexp" 121
"../../../Engine/Plugins/Editor/SpeedTreeImporter/Content/SpeedTree9/game_wind_noise.ubulk" 122
"../../../Engine/Plugins/Editor/SpeedTreeImporter/Content/SpeedTree9/game_wind_noise.uasset" 123
"../../../Engine/Plugins/Editor/SpeedTreeImporter/Content/SpeedTree9/game_wind_noise.uexp" 124
"../../../Engine/Plugins/Editor/SpeedTreeImporter/Content/SpeedTree9/UnpackDirection.uasset" 125
"../../../Engine/Plugins/Editor/SpeedTreeImporter/Content/SpeedTree9/UnpackDirection.uexp" 126
"../../../Engine/Content/Functions/Engine_MaterialFunctions02/ObjectLocalBounds.uasset" 127
"../../../Engine/Content/Functions/Engine_MaterialFunctions02/ObjectLocalBounds.uexp" 128
"../../../Engine/Content/Functions/Engine_MaterialFunctions02/Utility/BreakOutFloat3Components.uasset" 129
"../../../Engine/Content/Functions/Engine_MaterialFunctions02/Utility/BreakOutFloat3Components.uexp" 130
"../../../Engine/Content/Functions/Engine_MaterialFunctions02/UVs/BoundingBoxBased_0-1_UVW.uasset" 131
"../../../Engine/Content/Functions/Engine_MaterialFunctions02/UVs/BoundingBoxBased_0-1_UVW.uexp" 132
"../../../Engine/Content/Functions/Engine_MaterialFunctions02/Utility/VectorLength.uasset" 133
"../../../Engine/Content/Functions/Engine_MaterialFunctions02/Utility/VectorLength.uexp" 134
"../../../Engine/Plugins/Editor/SpeedTreeImporter/Content/SpeedTree9/UnpackInteger3.uasset" 135
"../../../Engine/Plugins/Editor/SpeedTreeImporter/Content/SpeedTree9/UnpackInteger3.uexp" 136
"../../../Engine/Plugins/Editor/SpeedTreeImporter/Content/SpeedTree9/SpeedTreeCameraFacing.uasset" 137
"../../../Engine/Plugins/Editor/SpeedTreeImporter/Content/SpeedTree9/SpeedTreeCameraFacing.uexp" 138
"../../../Engine/Content/Functions/Engine_MaterialFunctions02/WorldPositionOffset/ObjectScale.uasset" 139
"../../../Engine/Content/Functions/Engine_MaterialFunctions02/WorldPositionOffset/ObjectScale.uexp" 140
"../../../Engine/Content/Functions/Engine_MaterialFunctions02/SafeNormalize.uasset" 141
"../../../Engine/Content/Functions/Engine_MaterialFunctions02/SafeNormalize.uexp" 142
"../../../Engine/Plugins/Editor/SpeedTreeImporter/Content/SpeedTree9/SpeedTreeWindMotion.uasset" 143
"../../../Engine/Plugins/Editor/SpeedTreeImporter/Content/SpeedTree9/SpeedTreeWindMotion.uexp" 144
"../../../Engine/Plugins/Editor/SpeedTreeImporter/Content/SpeedTree9/SpeedTreeBranchMotion.uasset" 145
"../../../Engine/Plugins/Editor/SpeedTreeImporter/Content/SpeedTree9/SpeedTreeBranchMotion.uexp" 146
"../../../Engine/Plugins/Editor/SpeedTreeImporter/Content/SpeedTree9/SpeedTreeWind.uasset" 147
"../../../Engine/Plugins/Editor/SpeedTreeImporter/Content/SpeedTree9/SpeedTreeWind.uexp" 148
"../../../Engine/Plugins/Editor/SpeedTreeImporter/Content/SpeedTree9/EmptyNormal.uasset" 149
"../../../Engine/Plugins/Editor/SpeedTreeImporter/Content/SpeedTree9/EmptyNormal.uexp" 150
"../../../Engine/Plugins/Editor/SpeedTreeImporter/Content/SpeedTree9/Empty.uasset" 151
"../../../Engine/Plugins/Editor/SpeedTreeImporter/Content/SpeedTree9/Empty.uexp" 152
"../../../Engine/Plugins/Editor/SpeedTreeImporter/Content/SpeedTree9/SpeedTreeMaster.uasset" 153
"../../../Engine/Plugins/Editor/SpeedTreeImporter/Content/SpeedTree9/SpeedTreeMaster.uexp" 154
"../../../Engine/Plugins/Editor/SpeedTreeImporter/Content/SpeedTree9/SpeedTreeBillboard.uasset" 155
"../../../Engine/Plugins/Editor/SpeedTreeImporter/Content/SpeedTree9/SpeedTreeBillboard.uexp" 156
"../../../Engine/Plugins/Editor/SpeedTreeImporter/Content/SpeedTree9/SpeedTreeBillboardMaster.uasset" 157
"../../../Engine/Plugins/Editor/SpeedTreeImporter/Content/SpeedTree9/SpeedTreeBillboardMaster.uexp" 158
"../../../Engine/Plugins/Animation/ControlRig/Content/Controls/ControlRigXRayMaterial.uasset" 159
"../../../Engine/Plugins/Animation/ControlRig/Content/Controls/ControlRigXRayMaterial.uexp" 160
"../../../Engine/Plugins/Animation/ControlRig/Content/Controls/ControlRigGizmoMaterial.uasset" 161
"../../../Engine/Plugins/Animation/ControlRig/Content/Controls/ControlRigGizmoMaterial.uexp" 162
"../../../Engine/Content/EngineResources/GradientTexture0.uasset" 163
"../../../Engine/Content/EngineResources/GradientTexture0.uexp" 164
"../../../Engine/Content/EngineResources/Black.uasset" 165
"../../../Engine/Content/EngineResources/Black.uexp" 166
"../../../Engine/Content/EngineMaterials/RemoveSurfaceMaterial.uasset" 167
"../../../Engine/Content/EngineMaterials/RemoveSurfaceMaterial.uexp" 168
"../../../Engine/Content/EngineMaterials/PreintegratedSkinBRDF.uasset" 169
"../../../Engine/Content/EngineMaterials/PreintegratedSkinBRDF.uexp" 170
"../../../Engine/Content/EngineMaterials/DefaultCalibrationGrayscale.uasset" 171
"../../../Engine/Content/EngineMaterials/DefaultCalibrationGrayscale.uexp" 172
"../../../Engine/Content/EngineMaterials/PPM_DefaultCalibrationGrayscale.uasset" 173
"../../../Engine/Content/EngineMaterials/PPM_DefaultCalibrationGrayscale.uexp" 174
"../../../Engine/Content/EngineMaterials/DefaultCalibrationColor.uasset" 175
"../../../Engine/Content/EngineMaterials/DefaultCalibrationColor.uexp" 176
"../../../Engine/Content/EngineMaterials/PPM_DefaultCalibrationColor.uasset" 177
"../../../Engine/Content/EngineMaterials/PPM_DefaultCalibrationColor.uexp" 178
"../../../Engine/Content/Functions/Engine_MaterialFunctions02/WorldPositionOffset/CameraOffset.uasset" 179
"../../../Engine/Content/Functions/Engine_MaterialFunctions02/WorldPositionOffset/CameraOffset.uexp" 180
"../../../Engine/Content/EngineMaterials/PhAT_JointLimitMaterial.uasset" 181
"../../../Engine/Content/EngineMaterials/PhAT_JointLimitMaterial.uexp" 182
"../../../Engine/Content/EngineMaterials/NaniteHiddenSectionMaterial.uasset" 183
"../../../Engine/Content/EngineMaterials/NaniteHiddenSectionMaterial.uexp" 184
"../../../Engine/Content/EngineMaterials/InvalidLightmapSettings.ubulk" 185
"../../../Engine/Content/EngineMaterials/InvalidLightmapSettings.uasset" 186
"../../../Engine/Content/EngineMaterials/InvalidLightmapSettings.uexp" 187
"../../../Engine/Content/EngineMaterials/M_InvalidLightmapSettings.uasset" 188
"../../../Engine/Content/EngineMaterials/M_InvalidLightmapSettings.uexp" 189
"../../../Engine/Content/EngineMaterials/MiniFont.uasset" 190
"../../../Engine/Content/EngineMaterials/MiniFont.uexp" 191
"../../../Engine/Content/EngineMaterials/GizmoMaterial.uasset" 192
"../../../Engine/Content/EngineMaterials/GizmoMaterial.uexp" 193
"../../../Engine/Content/EngineMaterials/BaseFlattenEmissiveMap_VT.uasset" 194
"../../../Engine/Content/EngineMaterials/BaseFlattenEmissiveMap_VT.uexp" 195
"../../../Engine/Content/EngineMaterials/BaseFlattenGrayscaleMap_VT.uasset" 196
"../../../Engine/Content/EngineMaterials/BaseFlattenGrayscaleMap_VT.uexp" 197
"../../../Engine/Content/EngineMaterials/BaseFlattenLinearColor_VT.uasset" 198
"../../../Engine/Content/EngineMaterials/BaseFlattenLinearColor_VT.uexp" 199
"../../../Engine/Content/EngineMaterials/Black_1x1_EXR_Texture_VT.uasset" 200
"../../../Engine/Content/EngineMaterials/Black_1x1_EXR_Texture_VT.uexp" 201
"../../../Engine/Content/EngineMaterials/BaseFlattenDiffuseMap_VT.uasset" 202
"../../../Engine/Content/EngineMaterials/BaseFlattenDiffuseMap_VT.uexp" 203
"../../../Engine/Content/EngineMaterials/BaseFlattenNormalMap_VT.uasset" 204
"../../../Engine/Content/EngineMaterials/BaseFlattenNormalMap_VT.uexp" 205
"../../../Engine/Content/EngineMaterials/FlattenMaterial_WS_Normal_VT.uasset" 206
"../../../Engine/Content/EngineMaterials/FlattenMaterial_WS_Normal_VT.uexp" 207
"../../../Engine/Content/EngineMaterials/FlattenMaterial_VT.uasset" 208
"../../../Engine/Content/EngineMaterials/FlattenMaterial_VT.uexp" 209
"../../../Engine/Content/EngineMaterials/BaseFlattenNormalMap.uasset" 210
"../../../Engine/Content/EngineMaterials/BaseFlattenNormalMap.uexp" 211
"../../../Engine/Content/EngineMaterials/BaseFlattenGrayscaleMap.uasset" 212
"../../../Engine/Content/EngineMaterials/BaseFlattenGrayscaleMap.uexp" 213
"../../../Engine/Content/EngineMaterials/BaseFlattenDiffuseMap.uasset" 214
"../../../Engine/Content/EngineMaterials/BaseFlattenDiffuseMap.uexp" 215
"../../../Engine/Content/Functions/Engine_MaterialFunctions02/PivotPainter2/Black_1x1_EXR_Texture.uasset" 216
"../../../Engine/Content/Functions/Engine_MaterialFunctions02/PivotPainter2/Black_1x1_EXR_Texture.uexp" 217
"../../../Engine/Content/EngineMaterials/BaseFlattenEmissiveMap.uasset" 218
"../../../Engine/Content/EngineMaterials/BaseFlattenEmissiveMap.uexp" 219
"../../../Engine/Content/EngineMaterials/BaseFlattenLinearColor.uasset" 220
"../../../Engine/Content/EngineMaterials/BaseFlattenLinearColor.uexp" 221
"../../../Engine/Content/EngineMaterials/FlattenMaterial.uasset" 222
"../../../Engine/Content/EngineMaterials/FlattenMaterial.uexp" 223
"../../../Engine/Content/EngineMaterials/FastBlueNoise_vec2_128x128x64.uasset" 224
"../../../Engine/Content/EngineMaterials/FastBlueNoise_vec2_128x128x64.uexp" 225
"../../../Engine/Content/EngineMaterials/FastBlueNoise_scalar_128x128x64.uasset" 226
"../../../Engine/Content/EngineMaterials/FastBlueNoise_scalar_128x128x64.uexp" 227
"../../../Engine/Content/EngineMaterials/DefaultWhiteGrid_Low.uasset" 228
"../../../Engine/Content/EngineMaterials/DefaultWhiteGrid_Low.uexp" 229
"../../../Engine/Content/EngineMaterials/EmissiveMeshMaterial.uasset" 230
"../../../Engine/Content/EngineMaterials/EmissiveMeshMaterial.uexp" 231
"../../../Engine/Content/EngineMaterials/DefaultWhiteGrid.ubulk" 232
"../../../Engine/Content/EngineMaterials/DefaultWhiteGrid.uasset" 233
"../../../Engine/Content/EngineMaterials/DefaultWhiteGrid.uexp" 234
"../../../Engine/Content/EngineFonts/RobotoDistanceField.uasset" 235
"../../../Engine/Content/EngineFonts/RobotoDistanceField.uexp" 236
"../../../Engine/Content/EngineMaterials/DefaultTextMaterialOpaque.uasset" 237
"../../../Engine/Content/EngineMaterials/DefaultTextMaterialOpaque.uexp" 238
"../../../Engine/Content/EngineMaterials/DefaultDiffuse.ubulk" 239
"../../../Engine/Content/EngineMaterials/DefaultDiffuse.uasset" 240
"../../../Engine/Content/EngineMaterials/DefaultDiffuse.uexp" 241
"../../../Engine/Content/Functions/Engine_MaterialFunctions02/Utility/BreakOutFloat2Components.uasset" 242
"../../../Engine/Content/Functions/Engine_MaterialFunctions02/Utility/BreakOutFloat2Components.uexp" 243
"../../../Engine/Content/EngineMaterials/DefaultPostProcessMaterial.uasset" 244
"../../../Engine/Content/EngineMaterials/DefaultPostProcessMaterial.uexp" 245
"../../../Engine/Content/EngineMaterials/DefaultLightFunctionMaterial.uasset" 246
"../../../Engine/Content/EngineMaterials/DefaultLightFunctionMaterial.uexp" 247
"../../../Engine/Content/EngineMaterials/DefaultDeferredDecalMaterial.uasset" 248
"../../../Engine/Content/EngineMaterials/DefaultDeferredDecalMaterial.uexp" 249
"../../../Engine/Content/EngineMaterials/DefaultBokeh.uasset" 250
"../../../Engine/Content/EngineMaterials/DefaultBokeh.uexp" 251
"../../../Engine/Content/EngineMaterials/DefaultBloomKernel.uasset" 252
"../../../Engine/Content/EngineMaterials/DefaultBloomKernel.uexp" 253
"../../../Engine/Content/Functions/Engine_MaterialFunctions02/Utility/CameraDirectionVector.uasset" 254
"../../../Engine/Content/Functions/Engine_MaterialFunctions02/Utility/CameraDirectionVector.uexp" 255
"../../../Engine/Content/EngineDebugMaterials/VolumeToRender.uasset" 256
"../../../Engine/Content/EngineDebugMaterials/VolumeToRender.uexp" 257
"../../../Engine/Content/EngineDebugMaterials/M_VolumeRenderSphereTracePP.uasset" 258
"../../../Engine/Content/EngineDebugMaterials/M_VolumeRenderSphereTracePP.uexp" 259
"../../../Engine/Content/EngineDebugMaterials/M_SimpleUnlitTranslucent.uasset" 260
"../../../Engine/Content/EngineDebugMaterials/M_SimpleUnlitTranslucent.uexp" 261
"../../../Engine/Content/EngineDebugMaterials/DebugMeshMaterial.uasset" 262
"../../../Engine/Content/EngineDebugMaterials/DebugMeshMaterial.uexp" 263
"../../../Engine/Content/EngineDebugMaterials/DebugEditorMaterial.uasset" 264
"../../../Engine/Content/EngineDebugMaterials/DebugEditorMaterial.uexp" 265
"../../../Engine/Content/EngineDamageTypes/DmgTypeBP_Environmental.uasset" 266
"../../../Engine/Content/EngineDamageTypes/DmgTypeBP_Environmental.uexp" 267
"../../../Engine/Content/EditorResources/S_TriggerSphere.uasset" 268
"../../../Engine/Content/EditorResources/S_TriggerSphere.uexp" 269
"../../../Engine/Content/EditorResources/S_TriggerCapsule.uasset" 270
"../../../Engine/Content/EditorResources/S_TriggerCapsule.uexp" 271
"../../../Engine/Content/EditorResources/S_TriggerBox.uasset" 272
"../../../Engine/Content/EditorResources/S_TriggerBox.uexp" 273
"../../../Engine/Content/EditorResources/S_Trigger.ubulk" 274
"../../../Engine/Content/EditorResources/S_Trigger.uasset" 275
"../../../Engine/Content/EditorResources/S_Trigger.uexp" 276
"../../../Engine/Content/EditorResources/S_Terrain.ubulk" 277
"../../../Engine/Content/EditorResources/S_Terrain.uasset" 278
"../../../Engine/Content/EditorResources/S_Terrain.uexp" 279
"../../../Engine/Content/EditorResources/S_Solver.ubulk" 280
"../../../Engine/Content/EditorResources/S_Solver.uasset" 281
"../../../Engine/Content/EditorResources/S_Solver.uexp" 282
"../../../Engine/Content/EditorResources/EmptyActor.uasset" 283
"../../../Engine/Content/EditorResources/EmptyActor.uexp" 284
"../../../Engine/Content/EditorResources/BSPVertex.uasset" 285
"../../../Engine/Content/EditorResources/BSPVertex.uexp" 286
"../../../Engine/Content/EditorMaterials/PreviewShadowIndicator.ubulk" 287
"../../../Engine/Content/EditorMaterials/PreviewShadowIndicator.uasset" 288
"../../../Engine/Content/EditorMaterials/PreviewShadowIndicator.uexp" 289
"../../../Engine/Content/EditorMaterials/PreviewShadowIndicatorMaterial.uasset" 290
"../../../Engine/Content/EditorMaterials/PreviewShadowIndicatorMaterial.uexp" 291
"../../../Engine/Content/EditorMaterials/PhAT_UnselectedMaterial.uasset" 292
"../../../Engine/Content/EditorMaterials/PhAT_UnselectedMaterial.uexp" 293
"../../../Engine/Content/EditorMaterials/PhAT_NoCollisionMaterial.uasset" 294
"../../../Engine/Content/EditorMaterials/PhAT_NoCollisionMaterial.uexp" 295
"../../../Engine/Content/EditorLandscapeResources/DefaultAlphaTexture.uasset" 296
"../../../Engine/Content/EditorLandscapeResources/DefaultAlphaTexture.uexp" 297
"../../../Engine/Content/BasicShapes/BasicShapeMaterial.uasset" 298
"../../../Engine/Content/BasicShapes/BasicShapeMaterial.uexp" 299
"../../../Engine/Content/EngineResources/FilmGrains/Marcie_Grain_v3_128_M2_000.uasset" 300
"../../../Engine/Content/EngineResources/FilmGrains/Marcie_Grain_v3_128_M2_000.uexp" 301
"../../../Engine/Content/EngineMaterials/LTC/Sheen_LTC.uasset" 302
"../../../Engine/Content/EngineMaterials/LTC/Sheen_LTC.uexp" 303
"../../../Engine/Content/EngineMaterials/LTC/GGX_LTCMat.uasset" 304
"../../../Engine/Content/EngineMaterials/LTC/GGX_LTCMat.uexp" 305
"../../../Engine/Content/EngineMaterials/LTC/GGX_LTCAmp.uasset" 306
"../../../Engine/Content/EngineMaterials/LTC/GGX_LTCAmp.uexp" 307
"../../../Engine/Content/EngineMaterials/EnergyConservation/Sheen_Energy.uasset" 308
"../../../Engine/Content/EngineMaterials/EnergyConservation/Sheen_Energy.uexp" 309
"../../../Engine/Content/EngineMaterials/EnergyConservation/SheenLegacy_Energy.uasset" 310
"../../../Engine/Content/EngineMaterials/EnergyConservation/SheenLegacy_Energy.uexp" 311
"../../../Engine/Content/EngineMaterials/EnergyConservation/GGX_TransmissionEnergyArray.uasset" 312
"../../../Engine/Content/EngineMaterials/EnergyConservation/GGX_TransmissionEnergyArray.uexp" 313
"../../../Engine/Content/EngineMaterials/EnergyConservation/GGX_ReflectionEnergy.uasset" 314
"../../../Engine/Content/EngineMaterials/EnergyConservation/GGX_ReflectionEnergy.uexp" 315
"../../../Engine/Content/EngineMaterials/EnergyConservation/Diffuse_Energy.uasset" 316
"../../../Engine/Content/EngineMaterials/EnergyConservation/Diffuse_Energy.uexp" 317
"../../../Engine/Content/EditorResources/SequenceRecorder/RecordingIndicator.uasset" 318
"../../../Engine/Content/EditorResources/SequenceRecorder/RecordingIndicator.uexp" 319
"../../../Engine/Content/EditorResources/SequenceRecorder/Countdown.uasset" 320
"../../../Engine/Content/EditorResources/SequenceRecorder/Countdown.uexp" 321
"../../../Engine/Content/EditorMaterials/ParticleSystems/PSysThumbnail_OOD.ubulk" 322
"../../../Engine/Content/EditorMaterials/ParticleSystems/PSysThumbnail_OOD.uasset" 323
"../../../Engine/Content/EditorMaterials/ParticleSystems/PSysThumbnail_OOD.uexp" 324
"../../../Engine/Content/EditorMaterials/ParticleSystems/PSysThumbnail_NoImage.ubulk" 325
"../../../Engine/Content/EditorMaterials/ParticleSystems/PSysThumbnail_NoImage.uasset" 326
"../../../Engine/Content/EditorMaterials/ParticleSystems/PSysThumbnail_NoImage.uexp" 327
"../../../Engine/Content/EditorMaterials/Dataflow/DataflowVertexMaterial.uasset" 328
"../../../Engine/Content/EditorMaterials/Dataflow/DataflowVertexMaterial.uexp" 329
"../../../Engine/Content/EditorMaterials/Dataflow/DataflowTwoSidedVertexMaterial.uasset" 330
"../../../Engine/Content/EditorMaterials/Dataflow/DataflowTwoSidedVertexMaterial.uexp" 331
"../../../Engine/Content/EngineMaterials/Substrate/Volume/SubstrateSimpleVolumeLUT3D.uasset" 332
"../../../Engine/Content/EngineMaterials/Substrate/Volume/SubstrateSimpleVolumeLUT3D.uexp" 333
"../../../Engine/Content/EngineMaterials/Substrate/Volume/SubstrateSimpleVolumeEnvLUT3D.uasset" 334
"../../../Engine/Content/EngineMaterials/Substrate/Volume/SubstrateSimpleVolumeEnvLUT3D.uexp" 335
"../../../Engine/Content/Functions/Engine_MaterialFunctions01/Shading/PowerToRoughness.uasset" 336
"../../../Engine/Content/Functions/Engine_MaterialFunctions01/Shading/PowerToRoughness.uexp" 337
"../../../Engine/Content/Functions/Engine_MaterialFunctions01/Shading/ConvertFromDiffSpec.uasset" 338
"../../../Engine/Content/Functions/Engine_MaterialFunctions01/Shading/ConvertFromDiffSpec.uexp" 339
"../../../Engine/Content/EngineMaterials/Substrate/GLints/AGlintTex2dArray.uasset" 340
"../../../Engine/Content/EngineMaterials/Substrate/GLints/AGlintTex2dArray.uexp" 341
"../../../Engine/Content/EngineMaterials/Substrate/GLints2/AGlintTex2dArray2.uasset" 342
"../../../Engine/Content/EngineMaterials/Substrate/GLints2/AGlintTex2dArray2.uexp" 343
"../../../Engine/Content/EngineMaterials/WeightMapPlaceholderTexture.uasset" 344
"../../../Engine/Content/EngineMaterials/WeightMapPlaceholderTexture.uexp" 345
"../../../Engine/Content/EngineMaterials/WeightMapArrayPlaceholderTexture.uasset" 346
"../../../Engine/Content/EngineMaterials/WeightMapArrayPlaceholderTexture.uexp" 347
"../../../Engine/Plugins/Runtime/HairStrands/Content/Materials/HairCardsDefaultMaterial.uasset" 348
"../../../Engine/Plugins/Runtime/HairStrands/Content/Materials/HairCardsDefaultMaterial.uexp" 349
"../../../Engine/Plugins/Runtime/HairStrands/Content/Materials/HairGroupColors.uasset" 350
"../../../Engine/Plugins/Runtime/HairStrands/Content/Materials/HairGroupColors.uexp" 351
"../../../Engine/Content/Functions/Engine_MaterialFunctions02/Utility/MakeFloat2.uasset" 352
"../../../Engine/Content/Functions/Engine_MaterialFunctions02/Utility/MakeFloat2.uexp" 353
"../../../Engine/Content/Functions/Engine_MaterialFunctions02/Utility/MakeFloat3.uasset" 354
"../../../Engine/Content/Functions/Engine_MaterialFunctions02/Utility/MakeFloat3.uexp" 355
"../../../Engine/Content/EngineMaterials/HairColorMap.uasset" 356
"../../../Engine/Content/EngineMaterials/HairColorMap.uexp" 357
"../../../Engine/Content/EngineMaterials/HairDebugColor.uasset" 358
"../../../Engine/Content/EngineMaterials/HairDebugColor.uexp" 359
"../../../Engine/Plugins/Runtime/HairStrands/Content/Materials/HairDebugMaterial.uasset" 360
"../../../Engine/Plugins/Runtime/HairStrands/Content/Materials/HairDebugMaterial.uexp" 361
"../../../Engine/Plugins/Runtime/HairStrands/Content/Materials/HairDefaultMaterial.uasset" 362
"../../../Engine/Plugins/Runtime/HairStrands/Content/Materials/HairDefaultMaterial.uexp" 363
"../../../Engine/Plugins/Runtime/HairStrands/Content/Materials/HairMeshesDefaultMaterial.uasset" 364
"../../../Engine/Plugins/Runtime/HairStrands/Content/Materials/HairMeshesDefaultMaterial.uexp" 365
"../../../Engine/Plugins/Runtime/MeshModelingToolset/Content/Materials/M_DynamicMeshComponentVtxColor.uasset" 366
"../../../Engine/Plugins/Runtime/MeshModelingToolset/Content/Materials/M_DynamicMeshComponentVtxColor.uexp" 367
"../../../Engine/Plugins/Animation/ControlRig/Content/M_Manip.uasset" 368
"../../../Engine/Plugins/Animation/ControlRig/Content/M_Manip.uexp" 369
"../../../Engine/Plugins/NNE/NNEDenoiser/Content/NNEDIM_ColorAlbedoNormal_Alpha.uasset" 370
"../../../Engine/Plugins/NNE/NNEDenoiser/Content/NNEDIM_ColorAlbedoNormal_Alpha.uexp" 371
"../../../Engine/Plugins/NNE/NNEDenoiser/Content/NNEDIM_ColorAlbedoNormal_Default.uasset" 372
"../../../Engine/Plugins/NNE/NNEDenoiser/Content/NNEDIM_ColorAlbedoNormal_Default.uexp" 373
"../../../Engine/Plugins/NNE/NNEDenoiser/Content/NNEDIM_HighQuality_Alpha.uasset" 374
"../../../Engine/Plugins/NNE/NNEDenoiser/Content/NNEDIM_HighQuality_Alpha.uexp" 375
"../../../Engine/Plugins/NNE/NNEDenoiser/Content/NNEDIM_HighQuality_Default.uasset" 376
"../../../Engine/Plugins/NNE/NNEDenoiser/Content/NNEDIM_HighQuality_Default.uexp" 377
"../../../Engine/Plugins/NNE/NNEDenoiser/Content/NNEDOM_Output_Alpha.uasset" 378
"../../../Engine/Plugins/NNE/NNEDenoiser/Content/NNEDOM_Output_Alpha.uexp" 379
"../../../Engine/Plugins/NNE/NNEDenoiser/Content/NNEDOM_Output_Default.uasset" 380
"../../../Engine/Plugins/NNE/NNEDenoiser/Content/NNEDOM_Output_Default.uexp" 381
"../../../Engine/Plugins/NNE/NNEDenoiser/Content/NNEDTIM_ColorAlbedoNormal_Alpha.uasset" 382
"../../../Engine/Plugins/NNE/NNEDenoiser/Content/NNEDTIM_ColorAlbedoNormal_Alpha.uexp" 383
"../../../Engine/Plugins/NNE/NNEDenoiser/Content/NNEDTIM_ColorAlbedoNormal_Default.uasset" 384
"../../../Engine/Plugins/NNE/NNEDenoiser/Content/NNEDTIM_ColorAlbedoNormal_Default.uexp" 385
"../../../Engine/Plugins/NNE/NNEDenoiser/Content/NNEDTOM_Output_Alpha.uasset" 386
"../../../Engine/Plugins/NNE/NNEDenoiser/Content/NNEDTOM_Output_Alpha.uexp" 387
"../../../Engine/Plugins/NNE/NNEDenoiser/Content/NNEDTOM_Output_Default.uasset" 388
"../../../Engine/Plugins/NNE/NNEDenoiser/Content/NNEDTOM_Output_Default.uexp" 389
"../../../Engine/Content/EngineSky/VolumetricClouds/T_CloudMask.ubulk" 390
"../../../Engine/Content/EngineSky/VolumetricClouds/T_CloudMask.uasset" 391
"../../../Engine/Content/EngineSky/VolumetricClouds/T_CloudMask.uexp" 392
"../../../Engine/Content/EngineSky/VolumetricClouds/VT_Lightning.uasset" 393
"../../../Engine/Content/EngineSky/VolumetricClouds/VT_Lightning.uexp" 394
"../../../Engine/Content/EngineSky/VolumetricClouds/T_Profile_08.ubulk" 395
"../../../Engine/Content/EngineSky/VolumetricClouds/T_Profile_08.uasset" 396
"../../../Engine/Content/EngineSky/VolumetricClouds/T_Profile_08.uexp" 397
"../../../Engine/Content/Functions/Engine_MaterialFunctions02/Utility/MakeFloat4.uasset" 398
"../../../Engine/Content/Functions/Engine_MaterialFunctions02/Utility/MakeFloat4.uexp" 399
"../../../Engine/Content/Functions/Engine_MaterialFunctions01/Units/Km-to-Cm.uasset" 400
"../../../Engine/Content/Functions/Engine_MaterialFunctions01/Units/Km-to-Cm.uexp" 401
"../../../Engine/Content/Functions/Engine_MaterialFunctions02/Utility/BreakOutFloat4Components.uasset" 402
"../../../Engine/Content/Functions/Engine_MaterialFunctions02/Utility/BreakOutFloat4Components.uexp" 403
"../../../Engine/Content/EngineSky/VolumetricClouds/T_CloudPattern.ubulk" 404
"../../../Engine/Content/EngineSky/VolumetricClouds/T_CloudPattern.uasset" 405
"../../../Engine/Content/EngineSky/VolumetricClouds/T_CloudPattern.uexp" 406
"../../../Engine/Content/EngineSky/VolumetricClouds/VT_PerlinWorley_Balanced.uasset" 407
"../../../Engine/Content/EngineSky/VolumetricClouds/VT_PerlinWorley_Balanced.uexp" 408
"../../../Engine/Content/EngineSky/VolumetricClouds/m_SimpleVolumetricCloud.uasset" 409
"../../../Engine/Content/EngineSky/VolumetricClouds/m_SimpleVolumetricCloud.uexp" 410
"../../../Engine/Content/EngineSky/VolumetricClouds/m_SimpleVolumetricCloud_Inst.uasset" 411
"../../../Engine/Content/EngineSky/VolumetricClouds/m_SimpleVolumetricCloud_Inst.uexp" 412
"../../../Engine/Content/EditorMaterials/Camera/CineMat.uasset" 413
"../../../Engine/Content/EditorMaterials/Camera/CineMat.uexp" 414
"../../../Engine/Content/EditorMaterials/Camera/MI_CineMat_Rig.uasset" 415
"../../../Engine/Content/EditorMaterials/Camera/MI_CineMat_Rig.uexp" 416
"../../../Engine/Content/EditorMeshes/Camera/SM_CraneRig_Arm.ubulk" 417
"../../../Engine/Content/EditorMeshes/Camera/SM_CraneRig_Arm.uasset" 418
"../../../Engine/Content/EditorMeshes/Camera/SM_CraneRig_Arm.uexp" 419
"../../../Engine/Content/EditorMeshes/Camera/SM_CraneRig_Base.ubulk" 420
"../../../Engine/Content/EditorMeshes/Camera/SM_CraneRig_Base.uasset" 421
"../../../Engine/Content/EditorMeshes/Camera/SM_CraneRig_Base.uexp" 422
"../../../Engine/Content/EditorMeshes/Camera/SM_CraneRig_Body.ubulk" 423
"../../../Engine/Content/EditorMeshes/Camera/SM_CraneRig_Body.uasset" 424
"../../../Engine/Content/EditorMeshes/Camera/SM_CraneRig_Body.uexp" 425
"../../../Engine/Content/EditorMeshes/Camera/SM_CraneRig_Mount.ubulk" 426
"../../../Engine/Content/EditorMeshes/Camera/SM_CraneRig_Mount.uasset" 427
"../../../Engine/Content/EditorMeshes/Camera/SM_CraneRig_Mount.uexp" 428
"../../../Engine/Content/EditorMeshes/Camera/SM_RailRig_Mount.ubulk" 429
"../../../Engine/Content/EditorMeshes/Camera/SM_RailRig_Mount.uasset" 430
"../../../Engine/Content/EditorMeshes/Camera/SM_RailRig_Mount.uexp" 431
"../../../Engine/Content/EditorMeshes/Camera/SM_RailRig_Track.ubulk" 432
"../../../Engine/Content/EditorMeshes/Camera/SM_RailRig_Track.uasset" 433
"../../../Engine/Content/EditorMeshes/Camera/SM_RailRig_Track.uexp" 434
"../../../Engine/Content/VREditor/LaserPointer/VR_LaserPower_01.ubulk" 435
"../../../Engine/Content/VREditor/LaserPointer/VR_LaserPower_01.uasset" 436
"../../../Engine/Content/VREditor/LaserPointer/VR_LaserPower_01.uexp" 437
"../../../Engine/Content/VREditor/TransformGizmo/TransformGizmoMaterial.uasset" 438
"../../../Engine/Content/VREditor/TransformGizmo/TransformGizmoMaterial.uexp" 439
"../../../Engine/Content/VREditor/TransformGizmo/TranslucentTransformGizmoMaterial.uasset" 440
"../../../Engine/Content/VREditor/TransformGizmo/TranslucentTransformGizmoMaterial.uexp" 441
"../../../Engine/Content/VREditor/TransformGizmo/BoundingBoxCorner.ubulk" 442
"../../../Engine/Content/VREditor/TransformGizmo/BoundingBoxCorner.uasset" 443
"../../../Engine/Content/VREditor/TransformGizmo/BoundingBoxCorner.uexp" 444
"../../../Engine/Content/VREditor/TransformGizmo/BoundingBoxEdge.ubulk" 445
"../../../Engine/Content/VREditor/TransformGizmo/BoundingBoxEdge.uasset" 446
"../../../Engine/Content/VREditor/TransformGizmo/BoundingBoxEdge.uexp" 447
"../../../Engine/Content/VREditor/TransformGizmo/Main.uasset" 448
"../../../Engine/Content/VREditor/TransformGizmo/Main.uexp" 449
"../../../Engine/Content/VREditor/TransformGizmo/Xray.uasset" 450
"../../../Engine/Content/VREditor/TransformGizmo/Xray.uexp" 451
"../../../Engine/Content/VREditor/TransformGizmo/SM_Sequencer_Node.ubulk" 452
"../../../Engine/Content/VREditor/TransformGizmo/SM_Sequencer_Node.uasset" 453
"../../../Engine/Content/VREditor/TransformGizmo/SM_Sequencer_Node.uexp" 454
"../../../Engine/Content/EngineMeshes/Sphere.ubulk" 455
"../../../Engine/Content/EngineMeshes/Sphere.uasset" 456
"../../../Engine/Content/EngineMeshes/Sphere.uexp" 457
"../../../Engine/Content/Functions/Engine_MaterialFunctions02/Math/Transform3x3Matrix.uasset" 458
"../../../Engine/Content/Functions/Engine_MaterialFunctions02/Math/Transform3x3Matrix.uexp" 459
"../../../Engine/Plugins/Interchange/Assets/Content/gltf/Textures/T_White_srgb.uasset" 460
"../../../Engine/Plugins/Interchange/Assets/Content/gltf/Textures/T_White_srgb.uexp" 461
"../../../Engine/Plugins/Interchange/Assets/Content/gltf/MaterialFunctions/MF_Specular.uasset" 462
"../../../Engine/Plugins/Interchange/Assets/Content/gltf/MaterialFunctions/MF_Specular.uexp" 463
"../../../Engine/Plugins/Interchange/Assets/Content/gltf/Textures/T_Anisotropy_Direction_Linear.uasset" 464
"../../../Engine/Plugins/Interchange/Assets/Content/gltf/Textures/T_Anisotropy_Direction_Linear.uexp" 465
"../../../Engine/Plugins/Interchange/Assets/Content/gltf/MaterialFunctions/MF_SpecularAnisotropy.uasset" 466
"../../../Engine/Plugins/Interchange/Assets/Content/gltf/MaterialFunctions/MF_SpecularAnisotropy.uexp" 467
"../../../Engine/Plugins/Interchange/Assets/Content/gltf/Textures/T_White_Linear.uasset" 468
"../../../Engine/Plugins/Interchange/Assets/Content/gltf/Textures/T_White_Linear.uexp" 469
"../../../Engine/Plugins/Interchange/Assets/Content/gltf/MaterialFunctions/MF_MetallicRoughness.uasset" 470
"../../../Engine/Plugins/Interchange/Assets/Content/gltf/MaterialFunctions/MF_MetallicRoughness.uexp" 471
"../../../Engine/Plugins/Interchange/Assets/Content/gltf/Textures/T_Generic_N.uasset" 472
"../../../Engine/Plugins/Interchange/Assets/Content/gltf/Textures/T_Generic_N.uexp" 473
"../../../Engine/Plugins/Interchange/Assets/Content/gltf/MaterialFunctions/MF_ScaleNormal.uasset" 474
"../../../Engine/Plugins/Interchange/Assets/Content/gltf/MaterialFunctions/MF_ScaleNormal.uexp" 475
"../../../Engine/Plugins/Interchange/Assets/Content/gltf/MaterialFunctions/MF_BaseColor.uasset" 476
"../../../Engine/Plugins/Interchange/Assets/Content/gltf/MaterialFunctions/MF_BaseColor.uexp" 477
"../../../Engine/Plugins/Interchange/Assets/Content/gltf/MaterialFunctions/MF_Iridescence.uasset" 478
"../../../Engine/Plugins/Interchange/Assets/Content/gltf/MaterialFunctions/MF_Iridescence.uexp" 479
"../../../Engine/Plugins/Interchange/Assets/Content/gltf/MaterialFunctions/MF_Occlusion.uasset" 480
"../../../Engine/Plugins/Interchange/Assets/Content/gltf/MaterialFunctions/MF_Occlusion.uexp" 481
"../../../Engine/Plugins/Interchange/Assets/Content/gltf/MaterialFunctions/MF_IOR.uasset" 482
"../../../Engine/Plugins/Interchange/Assets/Content/gltf/MaterialFunctions/MF_IOR.uexp" 483
"../../../Engine/Plugins/Interchange/Assets/Content/gltf/MaterialFunctions/MF_RotateV2.uasset" 484
"../../../Engine/Plugins/Interchange/Assets/Content/gltf/MaterialFunctions/MF_RotateV2.uexp" 485
"../../../Engine/Plugins/Interchange/Assets/Content/gltf/MaterialFunctions/MF_TransformUVs.uasset" 486
"../../../Engine/Plugins/Interchange/Assets/Content/gltf/MaterialFunctions/MF_TransformUVs.uexp" 487
"../../../Engine/Plugins/Interchange/Assets/Content/gltf/MaterialFunctions/MF_Emissive.uasset" 488
"../../../Engine/Plugins/Interchange/Assets/Content/gltf/MaterialFunctions/MF_Emissive.uexp" 489
"../../../Engine/Plugins/Interchange/Assets/Content/gltf/MaterialFunctions/MF_RotateNormals_TS.uasset" 490
"../../../Engine/Plugins/Interchange/Assets/Content/gltf/MaterialFunctions/MF_RotateNormals_TS.uexp" 491
"../../../Engine/Plugins/Interchange/Assets/Content/gltf/MaterialFunctions/MF_Normals.uasset" 492
"../../../Engine/Plugins/Interchange/Assets/Content/gltf/MaterialFunctions/MF_Normals.uexp" 493
"../../../Engine/Content/Functions/Engine_MaterialFunctions01/Texturing/FlattenNormal.uasset" 494
"../../../Engine/Content/Functions/Engine_MaterialFunctions01/Texturing/FlattenNormal.uexp" 495
"../../../Engine/Plugins/Interchange/Assets/Content/gltf/MaterialFunctions/MF_Clearcoat.uasset" 496
"../../../Engine/Plugins/Interchange/Assets/Content/gltf/MaterialFunctions/MF_Clearcoat.uexp" 497
"../../../Engine/Plugins/Interchange/Assets/Content/gltf/MaterialBodies/MF_ClearCoat_Body.uasset" 498
"../../../Engine/Plugins/Interchange/Assets/Content/gltf/MaterialBodies/MF_ClearCoat_Body.uexp" 499
"../../../Engine/Plugins/Interchange/Assets/Content/gltf/M_ClearCoat.uasset" 500
"../../../Engine/Plugins/Interchange/Assets/Content/gltf/M_ClearCoat.uexp" 501
"../../../Engine/Plugins/Interchange/Assets/Content/gltf/MaterialInstances/MI_ClearCoat_Blend.uasset" 502
"../../../Engine/Plugins/Interchange/Assets/Content/gltf/MaterialInstances/MI_ClearCoat_Blend.uexp" 503
"../../../Engine/Plugins/Interchange/Assets/Content/gltf/MaterialInstances/MI_ClearCoat_Blend_DS.uasset" 504
"../../../Engine/Plugins/Interchange/Assets/Content/gltf/MaterialInstances/MI_ClearCoat_Blend_DS.uexp" 505
"../../../Engine/Plugins/Interchange/Assets/Content/gltf/MaterialInstances/MI_ClearCoat_Mask.uasset" 506
"../../../Engine/Plugins/Interchange/Assets/Content/gltf/MaterialInstances/MI_ClearCoat_Mask.uexp" 507
"../../../Engine/Plugins/Interchange/Assets/Content/gltf/MaterialInstances/MI_ClearCoat_Mask_DS.uasset" 508
"../../../Engine/Plugins/Interchange/Assets/Content/gltf/MaterialInstances/MI_ClearCoat_Mask_DS.uexp" 509
"../../../Engine/Plugins/Interchange/Assets/Content/gltf/MaterialInstances/MI_ClearCoat_Opaque.uasset" 510
"../../../Engine/Plugins/Interchange/Assets/Content/gltf/MaterialInstances/MI_ClearCoat_Opaque.uexp" 511
"../../../Engine/Plugins/Interchange/Assets/Content/gltf/MaterialInstances/MI_ClearCoat_Opaque_DS.uasset" 512
"../../../Engine/Plugins/Interchange/Assets/Content/gltf/MaterialInstances/MI_ClearCoat_Opaque_DS.uexp" 513
"../../../Engine/Plugins/Interchange/Assets/Content/gltf/MaterialBodies/MF_Default_Body.uasset" 514
"../../../Engine/Plugins/Interchange/Assets/Content/gltf/MaterialBodies/MF_Default_Body.uexp" 515
"../../../Engine/Plugins/Interchange/Assets/Content/gltf/M_Default.uasset" 516
"../../../Engine/Plugins/Interchange/Assets/Content/gltf/M_Default.uexp" 517
"../../../Engine/Plugins/Interchange/Assets/Content/gltf/MaterialInstances/MI_Default_Blend.uasset" 518
"../../../Engine/Plugins/Interchange/Assets/Content/gltf/MaterialInstances/MI_Default_Blend.uexp" 519
"../../../Engine/Plugins/Interchange/Assets/Content/gltf/MaterialInstances/MI_Default_Blend_DS.uasset" 520
"../../../Engine/Plugins/Interchange/Assets/Content/gltf/MaterialInstances/MI_Default_Blend_DS.uexp" 521
"../../../Engine/Plugins/Interchange/Assets/Content/gltf/MaterialInstances/MI_Default_Mask.uasset" 522
"../../../Engine/Plugins/Interchange/Assets/Content/gltf/MaterialInstances/MI_Default_Mask.uexp" 523
"../../../Engine/Plugins/Interchange/Assets/Content/gltf/MaterialInstances/MI_Default_Opaque.uasset" 524
"../../../Engine/Plugins/Interchange/Assets/Content/gltf/MaterialInstances/MI_Default_Opaque.uexp" 525
"../../../Engine/Plugins/Interchange/Assets/Content/gltf/MaterialFunctions/MF_Sheen.uasset" 526
"../../../Engine/Plugins/Interchange/Assets/Content/gltf/MaterialFunctions/MF_Sheen.uexp" 527
"../../../Engine/Plugins/Interchange/Assets/Content/gltf/MaterialBodies/MF_Sheen_Body.uasset" 528
"../../../Engine/Plugins/Interchange/Assets/Content/gltf/MaterialBodies/MF_Sheen_Body.uexp" 529
"../../../Engine/Plugins/Interchange/Assets/Content/gltf/M_Sheen.uasset" 530
"../../../Engine/Plugins/Interchange/Assets/Content/gltf/M_Sheen.uexp" 531
"../../../Engine/Plugins/Interchange/Assets/Content/gltf/MaterialInstances/MI_Sheen_Blend.uasset" 532
"../../../Engine/Plugins/Interchange/Assets/Content/gltf/MaterialInstances/MI_Sheen_Blend.uexp" 533
"../../../Engine/Plugins/Interchange/Assets/Content/gltf/MaterialInstances/MI_Sheen_Blend_DS.uasset" 534
"../../../Engine/Plugins/Interchange/Assets/Content/gltf/MaterialInstances/MI_Sheen_Blend_DS.uexp" 535
"../../../Engine/Plugins/Interchange/Assets/Content/gltf/MaterialInstances/MI_Sheen_Mask.uasset" 536
"../../../Engine/Plugins/Interchange/Assets/Content/gltf/MaterialInstances/MI_Sheen_Mask.uexp" 537
"../../../Engine/Plugins/Interchange/Assets/Content/gltf/MaterialInstances/MI_Sheen_Mask_DS.uasset" 538
"../../../Engine/Plugins/Interchange/Assets/Content/gltf/MaterialInstances/MI_Sheen_Mask_DS.uexp" 539
"../../../Engine/Plugins/Interchange/Assets/Content/gltf/MaterialInstances/MI_Sheen_Opaque.uasset" 540
"../../../Engine/Plugins/Interchange/Assets/Content/gltf/MaterialInstances/MI_Sheen_Opaque.uexp" 541
"../../../Engine/Plugins/Interchange/Assets/Content/gltf/MaterialInstances/MI_Sheen_Opaque_DS.uasset" 542
"../../../Engine/Plugins/Interchange/Assets/Content/gltf/MaterialInstances/MI_Sheen_Opaque_DS.uexp" 543
"../../../Engine/Content/Functions/Engine_MaterialFunctions02/Math/AddComponents.uasset" 544
"../../../Engine/Content/Functions/Engine_MaterialFunctions02/Math/AddComponents.uexp" 545
"../../../Engine/Plugins/Interchange/Assets/Content/gltf/MaterialFunctions/MF_DiffuseSpecGloss.uasset" 546
"../../../Engine/Plugins/Interchange/Assets/Content/gltf/MaterialFunctions/MF_DiffuseSpecGloss.uexp" 547
"../../../Engine/Plugins/Interchange/Assets/Content/gltf/MaterialFunctions/MF_PerceivedBrightness.uasset" 548
"../../../Engine/Plugins/Interchange/Assets/Content/gltf/MaterialFunctions/MF_PerceivedBrightness.uexp" 549
"../../../Engine/Plugins/Interchange/Assets/Content/gltf/MaterialFunctions/MF_SpecGlossToMetalRoughness.uasset" 550
"../../../Engine/Plugins/Interchange/Assets/Content/gltf/MaterialFunctions/MF_SpecGlossToMetalRoughness.uexp" 551
"../../../Engine/Plugins/Interchange/Assets/Content/gltf/MaterialFunctions/MF_MaxComponentValue.uasset" 552
"../../../Engine/Plugins/Interchange/Assets/Content/gltf/MaterialFunctions/MF_MaxComponentValue.uexp" 553
"../../../Engine/Plugins/Interchange/Assets/Content/gltf/MaterialBodies/MF_SpecularGlossiness_Body.uasset" 554
"../../../Engine/Plugins/Interchange/Assets/Content/gltf/MaterialBodies/MF_SpecularGlossiness_Body.uexp" 555
"../../../Engine/Plugins/Interchange/Assets/Content/gltf/M_SpecularGlossiness.uasset" 556
"../../../Engine/Plugins/Interchange/Assets/Content/gltf/M_SpecularGlossiness.uexp" 557
"../../../Engine/Plugins/Interchange/Assets/Content/gltf/MaterialInstances/MI_SpecularGlossiness_Blend.uasset" 558
"../../../Engine/Plugins/Interchange/Assets/Content/gltf/MaterialInstances/MI_SpecularGlossiness_Blend.uexp" 559
"../../../Engine/Plugins/Interchange/Assets/Content/gltf/MaterialInstances/MI_SpecularGlossiness_Blend_DS.uasset" 560
"../../../Engine/Plugins/Interchange/Assets/Content/gltf/MaterialInstances/MI_SpecularGlossiness_Blend_DS.uexp" 561
"../../../Engine/Plugins/Interchange/Assets/Content/gltf/MaterialInstances/MI_SpecularGlossiness_Mask.uasset" 562
"../../../Engine/Plugins/Interchange/Assets/Content/gltf/MaterialInstances/MI_SpecularGlossiness_Mask.uexp" 563
"../../../Engine/Plugins/Interchange/Assets/Content/gltf/MaterialInstances/MI_SpecularGlossiness_Mask_DS.uasset" 564
"../../../Engine/Plugins/Interchange/Assets/Content/gltf/MaterialInstances/MI_SpecularGlossiness_Mask_DS.uexp" 565
"../../../Engine/Plugins/Interchange/Assets/Content/gltf/MaterialInstances/MI_SpecularGlossiness_Opaque.uasset" 566
"../../../Engine/Plugins/Interchange/Assets/Content/gltf/MaterialInstances/MI_SpecularGlossiness_Opaque.uexp" 567
"../../../Engine/Plugins/Interchange/Assets/Content/gltf/MaterialInstances/MI_SpecularGlossiness_Opaque_DS.uasset" 568
"../../../Engine/Plugins/Interchange/Assets/Content/gltf/MaterialInstances/MI_SpecularGlossiness_Opaque_DS.uexp" 569
"../../../Engine/Content/EngineMaterials/Good64x64TilingNoiseHighFreq.uasset" 570
"../../../Engine/Content/EngineMaterials/Good64x64TilingNoiseHighFreq.uexp" 571
"../../../Engine/Content/Functions/Engine_MaterialFunctions02/Texturing/ScreenAlignedPixelToPixelUVs.uasset" 572
"../../../Engine/Content/Functions/Engine_MaterialFunctions02/Texturing/ScreenAlignedPixelToPixelUVs.uexp" 573
"../../../Engine/Plugins/Interchange/Assets/Content/gltf/MaterialFunctions/MF_Temporal_Blur.uasset" 574
"../../../Engine/Plugins/Interchange/Assets/Content/gltf/MaterialFunctions/MF_Temporal_Blur.uexp" 575
"../../../Engine/Plugins/Interchange/Assets/Content/gltf/MaterialFunctions/MF_Fresnel_DS.uasset" 576
"../../../Engine/Plugins/Interchange/Assets/Content/gltf/MaterialFunctions/MF_Fresnel_DS.uexp" 577
"../../../Engine/Plugins/Interchange/Assets/Content/gltf/MaterialFunctions/MF_Transmission.uasset" 578
"../../../Engine/Plugins/Interchange/Assets/Content/gltf/MaterialFunctions/MF_Transmission.uexp" 579
"../../../Engine/Plugins/Interchange/Assets/Content/gltf/MaterialBodies/MF_Transmission_Body.uasset" 580
"../../../Engine/Plugins/Interchange/Assets/Content/gltf/MaterialBodies/MF_Transmission_Body.uexp" 581
"../../../Engine/Plugins/Interchange/Assets/Content/gltf/M_Transmission.uasset" 582
"../../../Engine/Plugins/Interchange/Assets/Content/gltf/M_Transmission.uexp" 583
"../../../Engine/Plugins/Interchange/Assets/Content/gltf/MaterialInstances/MI_Transmission.uasset" 584
"../../../Engine/Plugins/Interchange/Assets/Content/gltf/MaterialInstances/MI_Transmission.uexp" 585
"../../../Engine/Plugins/Interchange/Assets/Content/gltf/MaterialBodies/MF_Unlit_Body.uasset" 586
"../../../Engine/Plugins/Interchange/Assets/Content/gltf/MaterialBodies/MF_Unlit_Body.uexp" 587
"../../../Engine/Plugins/Interchange/Assets/Content/gltf/M_Unlit.uasset" 588
"../../../Engine/Plugins/Interchange/Assets/Content/gltf/M_Unlit.uexp" 589
"../../../Engine/Plugins/Interchange/Assets/Content/gltf/MaterialInstances/MI_Unlit_Blend.uasset" 590
"../../../Engine/Plugins/Interchange/Assets/Content/gltf/MaterialInstances/MI_Unlit_Blend.uexp" 591
"../../../Engine/Plugins/Interchange/Assets/Content/gltf/MaterialInstances/MI_Unlit_Blend_DS.uasset" 592
"../../../Engine/Plugins/Interchange/Assets/Content/gltf/MaterialInstances/MI_Unlit_Blend_DS.uexp" 593
"../../../Engine/Plugins/Interchange/Assets/Content/gltf/MaterialInstances/MI_Unlit_Mask.uasset" 594
"../../../Engine/Plugins/Interchange/Assets/Content/gltf/MaterialInstances/MI_Unlit_Mask.uexp" 595
"../../../Engine/Plugins/Interchange/Assets/Content/gltf/MaterialInstances/MI_Unlit_Mask_DS.uasset" 596
"../../../Engine/Plugins/Interchange/Assets/Content/gltf/MaterialInstances/MI_Unlit_Mask_DS.uexp" 597
"../../../Engine/Plugins/Interchange/Assets/Content/gltf/MaterialInstances/MI_Unlit_Opaque.uasset" 598
"../../../Engine/Plugins/Interchange/Assets/Content/gltf/MaterialInstances/MI_Unlit_Opaque.uexp" 599
"../../../Engine/Plugins/Interchange/Assets/Content/gltf/MaterialInstances/MI_Unlit_Opaque_DS.uasset" 600
"../../../Engine/Plugins/Interchange/Assets/Content/gltf/MaterialInstances/MI_Unlit_Opaque_DS.uexp" 601
"../../../Engine/Content/EngineMaterials/T_Default_Material_Grid_M.ubulk" 602
"../../../Engine/Content/EngineMaterials/T_Default_Material_Grid_M.uasset" 603
"../../../Engine/Content/EngineMaterials/T_Default_Material_Grid_M.uexp" 604
"../../../Engine/Content/EngineMaterials/T_Default_Material_Grid_N.ubulk" 605
"../../../Engine/Content/EngineMaterials/T_Default_Material_Grid_N.uasset" 606
"../../../Engine/Content/EngineMaterials/T_Default_Material_Grid_N.uexp" 607
"../../../Engine/Content/Functions/Engine_MaterialFunctions01/Opacity/CameraDepthFade.uasset" 608
"../../../Engine/Content/Functions/Engine_MaterialFunctions01/Opacity/CameraDepthFade.uexp" 609
"../../../Engine/Content/EngineMaterials/DefaultMaterial.uasset" 610
"../../../Engine/Content/EngineMaterials/DefaultMaterial.uexp" 611
"../../../Engine/Content/BasicShapes/Cone.ubulk" 612
"../../../Engine/Content/BasicShapes/Cone.uasset" 613
"../../../Engine/Content/BasicShapes/Cone.uexp" 614
"../../../Engine/Content/EngineMaterials/WorldGridMaterial.uasset" 615
"../../../Engine/Content/EngineMaterials/WorldGridMaterial.uexp" 616
"../../../Engine/Content/BasicShapes/Plane.ubulk" 617
"../../../Engine/Content/BasicShapes/Plane.uasset" 618
"../../../Engine/Content/BasicShapes/Plane.uexp" 619
"../../../Engine/Content/BasicShapes/Sphere.ubulk" 620
"../../../Engine/Content/BasicShapes/Sphere.uasset" 621
"../../../Engine/Content/BasicShapes/Sphere.uexp" 622
"../../../Engine/Content/EditorLandscapeResources/SplineEditorMeshMat.uasset" 623
"../../../Engine/Content/EditorLandscapeResources/SplineEditorMeshMat.uexp" 624
"../../../Engine/Content/EditorLandscapeResources/SplineEditorMesh.ubulk" 625
"../../../Engine/Content/EditorLandscapeResources/SplineEditorMesh.uasset" 626
"../../../Engine/Content/EditorLandscapeResources/SplineEditorMesh.uexp" 627
"../../../Engine/Content/EngineResources/WhiteSquareTexture.uasset" 628
"../../../Engine/Content/EngineResources/WhiteSquareTexture.uexp" 629
"../../../Engine/Content/EngineMaterials/Widget3DPassThrough.uasset" 630
"../../../Engine/Content/EngineMaterials/Widget3DPassThrough.uexp" 631
"../../../Engine/Content/EngineMaterials/Widget3DPassThrough_Masked.uasset" 632
"../../../Engine/Content/EngineMaterials/Widget3DPassThrough_Masked.uexp" 633
"../../../Engine/Content/EngineMaterials/Widget3DPassThrough_Opaque.uasset" 634
"../../../Engine/Content/EngineMaterials/Widget3DPassThrough_Opaque.uexp" 635
"../../../Engine/Content/EngineMaterials/Widget3DPassThrough_Masked_OneSided.uasset" 636
"../../../Engine/Content/EngineMaterials/Widget3DPassThrough_Masked_OneSided.uexp" 637
"../../../Engine/Content/EngineMaterials/Widget3DPassThrough_Opaque_OneSided.uasset" 638
"../../../Engine/Content/EngineMaterials/Widget3DPassThrough_Opaque_OneSided.uexp" 639
"../../../Engine/Content/EngineMaterials/Widget3DPassThrough_Translucent.uasset" 640
"../../../Engine/Content/EngineMaterials/Widget3DPassThrough_Translucent.uexp" 641
"../../../Engine/Content/EngineMaterials/Widget3DPassThrough_Translucent_OneSided.uasset" 642
"../../../Engine/Content/EngineMaterials/Widget3DPassThrough_Translucent_OneSided.uexp" 643
"../../../Engine/Plugins/Animation/ControlRig/Content/Controls/ControlRig_Arrow2_1mm.ubulk" 644
"../../../Engine/Plugins/Animation/ControlRig/Content/Controls/ControlRig_Arrow2_1mm.uasset" 645
"../../../Engine/Plugins/Animation/ControlRig/Content/Controls/ControlRig_Arrow2_1mm.uexp" 646
"../../../Engine/Plugins/Animation/ControlRig/Content/Controls/ControlRig_Arrow2_3mm.ubulk" 647
"../../../Engine/Plugins/Animation/ControlRig/Content/Controls/ControlRig_Arrow2_3mm.uasset" 648
"../../../Engine/Plugins/Animation/ControlRig/Content/Controls/ControlRig_Arrow2_3mm.uexp" 649
"../../../Engine/Plugins/Animation/ControlRig/Content/Controls/ControlRig_Arrow2_solid.ubulk" 650
"../../../Engine/Plugins/Animation/ControlRig/Content/Controls/ControlRig_Arrow2_solid.uasset" 651
"../../../Engine/Plugins/Animation/ControlRig/Content/Controls/ControlRig_Arrow2_solid.uexp" 652
"../../../Engine/Plugins/Animation/ControlRig/Content/Controls/ControlRig_Arrow4_1mm.ubulk" 653
"../../../Engine/Plugins/Animation/ControlRig/Content/Controls/ControlRig_Arrow4_1mm.uasset" 654
"../../../Engine/Plugins/Animation/ControlRig/Content/Controls/ControlRig_Arrow4_1mm.uexp" 655
"../../../Engine/Plugins/Animation/ControlRig/Content/Controls/ControlRig_Arrow4_3mm.ubulk" 656
"../../../Engine/Plugins/Animation/ControlRig/Content/Controls/ControlRig_Arrow4_3mm.uasset" 657
"../../../Engine/Plugins/Animation/ControlRig/Content/Controls/ControlRig_Arrow4_3mm.uexp" 658
"../../../Engine/Plugins/Animation/ControlRig/Content/Controls/ControlRig_Arrow4_solid.ubulk" 659
"../../../Engine/Plugins/Animation/ControlRig/Content/Controls/ControlRig_Arrow4_solid.uasset" 660
"../../../Engine/Plugins/Animation/ControlRig/Content/Controls/ControlRig_Arrow4_solid.uexp" 661
"../../../Engine/Plugins/Animation/ControlRig/Content/Controls/ControlRig_Arrow_1mm.ubulk" 662
"../../../Engine/Plugins/Animation/ControlRig/Content/Controls/ControlRig_Arrow_1mm.uasset" 663
"../../../Engine/Plugins/Animation/ControlRig/Content/Controls/ControlRig_Arrow_1mm.uexp" 664
"../../../Engine/Plugins/Animation/ControlRig/Content/Controls/ControlRig_Arrow_3mm.ubulk" 665
"../../../Engine/Plugins/Animation/ControlRig/Content/Controls/ControlRig_Arrow_3mm.uasset" 666
"../../../Engine/Plugins/Animation/ControlRig/Content/Controls/ControlRig_Arrow_3mm.uexp" 667
"../../../Engine/Plugins/Animation/ControlRig/Content/Controls/ControlRig_Arrow_solid.ubulk" 668
"../../../Engine/Plugins/Animation/ControlRig/Content/Controls/ControlRig_Arrow_solid.uasset" 669
"../../../Engine/Plugins/Animation/ControlRig/Content/Controls/ControlRig_Arrow_solid.uexp" 670
"../../../Engine/Plugins/Animation/ControlRig/Content/Controls/ControlRig_Box_1mm.ubulk" 671
"../../../Engine/Plugins/Animation/ControlRig/Content/Controls/ControlRig_Box_1mm.uasset" 672
"../../../Engine/Plugins/Animation/ControlRig/Content/Controls/ControlRig_Box_1mm.uexp" 673
"../../../Engine/Plugins/Animation/ControlRig/Content/Controls/ControlRig_Box_3mm.ubulk" 674
"../../../Engine/Plugins/Animation/ControlRig/Content/Controls/ControlRig_Box_3mm.uasset" 675
"../../../Engine/Plugins/Animation/ControlRig/Content/Controls/ControlRig_Box_3mm.uexp" 676
"../../../Engine/Plugins/Animation/ControlRig/Content/Controls/ControlRig_Box_solid.ubulk" 677
"../../../Engine/Plugins/Animation/ControlRig/Content/Controls/ControlRig_Box_solid.uasset" 678
"../../../Engine/Plugins/Animation/ControlRig/Content/Controls/ControlRig_Box_solid.uexp" 679
"../../../Engine/Plugins/Animation/ControlRig/Content/Controls/ControlRig_Circle_1mm.ubulk" 680
"../../../Engine/Plugins/Animation/ControlRig/Content/Controls/ControlRig_Circle_1mm.uasset" 681
"../../../Engine/Plugins/Animation/ControlRig/Content/Controls/ControlRig_Circle_1mm.uexp" 682
"../../../Engine/Plugins/Animation/ControlRig/Content/Controls/ControlRig_Circle_3mm.ubulk" 683
"../../../Engine/Plugins/Animation/ControlRig/Content/Controls/ControlRig_Circle_3mm.uasset" 684
"../../../Engine/Plugins/Animation/ControlRig/Content/Controls/ControlRig_Circle_3mm.uexp" 685
"../../../Engine/Plugins/Animation/ControlRig/Content/Controls/ControlRig_Circle_solid.ubulk" 686
"../../../Engine/Plugins/Animation/ControlRig/Content/Controls/ControlRig_Circle_solid.uasset" 687
"../../../Engine/Plugins/Animation/ControlRig/Content/Controls/ControlRig_Circle_solid.uexp" 688
"../../../Engine/Plugins/Animation/ControlRig/Content/Controls/ControlRig_Diamond_1mm.ubulk" 689
"../../../Engine/Plugins/Animation/ControlRig/Content/Controls/ControlRig_Diamond_1mm.uasset" 690
"../../../Engine/Plugins/Animation/ControlRig/Content/Controls/ControlRig_Diamond_1mm.uexp" 691
"../../../Engine/Plugins/Animation/ControlRig/Content/Controls/ControlRig_Diamond_3mm.ubulk" 692
"../../../Engine/Plugins/Animation/ControlRig/Content/Controls/ControlRig_Diamond_3mm.uasset" 693
"../../../Engine/Plugins/Animation/ControlRig/Content/Controls/ControlRig_Diamond_3mm.uexp" 694
"../../../Engine/Plugins/Animation/ControlRig/Content/Controls/ControlRig_Diamond_solid.ubulk" 695
"../../../Engine/Plugins/Animation/ControlRig/Content/Controls/ControlRig_Diamond_solid.uasset" 696
"../../../Engine/Plugins/Animation/ControlRig/Content/Controls/ControlRig_Diamond_solid.uexp" 697
"../../../Engine/Plugins/Animation/ControlRig/Content/Controls/ControlRig_HalfCircle_1mm.ubulk" 698
"../../../Engine/Plugins/Animation/ControlRig/Content/Controls/ControlRig_HalfCircle_1mm.uasset" 699
"../../../Engine/Plugins/Animation/ControlRig/Content/Controls/ControlRig_HalfCircle_1mm.uexp" 700
"../../../Engine/Plugins/Animation/ControlRig/Content/Controls/ControlRig_HalfCircle_3mm.ubulk" 701
"../../../Engine/Plugins/Animation/ControlRig/Content/Controls/ControlRig_HalfCircle_3mm.uasset" 702
"../../../Engine/Plugins/Animation/ControlRig/Content/Controls/ControlRig_HalfCircle_3mm.uexp" 703
"../../../Engine/Plugins/Animation/ControlRig/Content/Controls/ControlRig_HalfCircle_solid.ubulk" 704
"../../../Engine/Plugins/Animation/ControlRig/Content/Controls/ControlRig_HalfCircle_solid.uasset" 705
"../../../Engine/Plugins/Animation/ControlRig/Content/Controls/ControlRig_HalfCircle_solid.uexp" 706
"../../../Engine/Plugins/Animation/ControlRig/Content/Controls/ControlRig_Hexagon_1mm.ubulk" 707
"../../../Engine/Plugins/Animation/ControlRig/Content/Controls/ControlRig_Hexagon_1mm.uasset" 708
"../../../Engine/Plugins/Animation/ControlRig/Content/Controls/ControlRig_Hexagon_1mm.uexp" 709
"../../../Engine/Plugins/Animation/ControlRig/Content/Controls/ControlRig_Hexagon_3mm.ubulk" 710
"../../../Engine/Plugins/Animation/ControlRig/Content/Controls/ControlRig_Hexagon_3mm.uasset" 711
"../../../Engine/Plugins/Animation/ControlRig/Content/Controls/ControlRig_Hexagon_3mm.uexp" 712
"../../../Engine/Plugins/Animation/ControlRig/Content/Controls/ControlRig_Hexagon_solid.ubulk" 713
"../../../Engine/Plugins/Animation/ControlRig/Content/Controls/ControlRig_Hexagon_solid.uasset" 714
"../../../Engine/Plugins/Animation/ControlRig/Content/Controls/ControlRig_Hexagon_solid.uexp" 715
"../../../Engine/Plugins/Animation/ControlRig/Content/Controls/ControlRig_Octagon_1mm.ubulk" 716
"../../../Engine/Plugins/Animation/ControlRig/Content/Controls/ControlRig_Octagon_1mm.uasset" 717
"../../../Engine/Plugins/Animation/ControlRig/Content/Controls/ControlRig_Octagon_1mm.uexp" 718
"../../../Engine/Plugins/Animation/ControlRig/Content/Controls/ControlRig_Octagon_3mm.ubulk" 719
"../../../Engine/Plugins/Animation/ControlRig/Content/Controls/ControlRig_Octagon_3mm.uasset" 720
"../../../Engine/Plugins/Animation/ControlRig/Content/Controls/ControlRig_Octagon_3mm.uexp" 721
"../../../Engine/Plugins/Animation/ControlRig/Content/Controls/ControlRig_Octagon_solid.ubulk" 722
"../../../Engine/Plugins/Animation/ControlRig/Content/Controls/ControlRig_Octagon_solid.uasset" 723
"../../../Engine/Plugins/Animation/ControlRig/Content/Controls/ControlRig_Octagon_solid.uexp" 724
"../../../Engine/Plugins/Animation/ControlRig/Content/Controls/ControlRig_Pyramid_1mm.ubulk" 725
"../../../Engine/Plugins/Animation/ControlRig/Content/Controls/ControlRig_Pyramid_1mm.uasset" 726
"../../../Engine/Plugins/Animation/ControlRig/Content/Controls/ControlRig_Pyramid_1mm.uexp" 727
"../../../Engine/Plugins/Animation/ControlRig/Content/Controls/ControlRig_Pyramid_3mm.ubulk" 728
"../../../Engine/Plugins/Animation/ControlRig/Content/Controls/ControlRig_Pyramid_3mm.uasset" 729
"../../../Engine/Plugins/Animation/ControlRig/Content/Controls/ControlRig_Pyramid_3mm.uexp" 730
"../../../Engine/Plugins/Animation/ControlRig/Content/Controls/ControlRig_Pyramid_solid.ubulk" 731
"../../../Engine/Plugins/Animation/ControlRig/Content/Controls/ControlRig_Pyramid_solid.uasset" 732
"../../../Engine/Plugins/Animation/ControlRig/Content/Controls/ControlRig_Pyramid_solid.uexp" 733
"../../../Engine/Plugins/Animation/ControlRig/Content/Controls/ControlRig_QuarterCircle_1mm.ubulk" 734
"../../../Engine/Plugins/Animation/ControlRig/Content/Controls/ControlRig_QuarterCircle_1mm.uasset" 735
"../../../Engine/Plugins/Animation/ControlRig/Content/Controls/ControlRig_QuarterCircle_1mm.uexp" 736
"../../../Engine/Plugins/Animation/ControlRig/Content/Controls/ControlRig_QuarterCircle_3mm.ubulk" 737
"../../../Engine/Plugins/Animation/ControlRig/Content/Controls/ControlRig_QuarterCircle_3mm.uasset" 738
"../../../Engine/Plugins/Animation/ControlRig/Content/Controls/ControlRig_QuarterCircle_3mm.uexp" 739
"../../../Engine/Plugins/Animation/ControlRig/Content/Controls/ControlRig_QuarterCircle_solid.ubulk" 740
"../../../Engine/Plugins/Animation/ControlRig/Content/Controls/ControlRig_QuarterCircle_solid.uasset" 741
"../../../Engine/Plugins/Animation/ControlRig/Content/Controls/ControlRig_QuarterCircle_solid.uexp" 742
"../../../Engine/Plugins/Animation/ControlRig/Content/Controls/ControlRig_RoundedSquare_1mm.ubulk" 743
"../../../Engine/Plugins/Animation/ControlRig/Content/Controls/ControlRig_RoundedSquare_1mm.uasset" 744
"../../../Engine/Plugins/Animation/ControlRig/Content/Controls/ControlRig_RoundedSquare_1mm.uexp" 745
"../../../Engine/Plugins/Animation/ControlRig/Content/Controls/ControlRig_RoundedSquare_3mm.ubulk" 746
"../../../Engine/Plugins/Animation/ControlRig/Content/Controls/ControlRig_RoundedSquare_3mm.uasset" 747
"../../../Engine/Plugins/Animation/ControlRig/Content/Controls/ControlRig_RoundedSquare_3mm.uexp" 748
"../../../Engine/Plugins/Animation/ControlRig/Content/Controls/ControlRig_RoundedSquare_solid.ubulk" 749
"../../../Engine/Plugins/Animation/ControlRig/Content/Controls/ControlRig_RoundedSquare_solid.uasset" 750
"../../../Engine/Plugins/Animation/ControlRig/Content/Controls/ControlRig_RoundedSquare_solid.uexp" 751
"../../../Engine/Plugins/Animation/ControlRig/Content/Controls/ControlRig_RoundedTriangle_1mm.ubulk" 752
"../../../Engine/Plugins/Animation/ControlRig/Content/Controls/ControlRig_RoundedTriangle_1mm.uasset" 753
"../../../Engine/Plugins/Animation/ControlRig/Content/Controls/ControlRig_RoundedTriangle_1mm.uexp" 754
"../../../Engine/Plugins/Animation/ControlRig/Content/Controls/ControlRig_RoundedTriangle_3mm.ubulk" 755
"../../../Engine/Plugins/Animation/ControlRig/Content/Controls/ControlRig_RoundedTriangle_3mm.uasset" 756
"../../../Engine/Plugins/Animation/ControlRig/Content/Controls/ControlRig_RoundedTriangle_3mm.uexp" 757
"../../../Engine/Plugins/Animation/ControlRig/Content/Controls/ControlRig_RoundedTriangle_solid.ubulk" 758
"../../../Engine/Plugins/Animation/ControlRig/Content/Controls/ControlRig_RoundedTriangle_solid.uasset" 759
"../../../Engine/Plugins/Animation/ControlRig/Content/Controls/ControlRig_RoundedTriangle_solid.uexp" 760
"../../../Engine/Plugins/Animation/ControlRig/Content/Controls/ControlRig_Sphere_1mm.ubulk" 761
"../../../Engine/Plugins/Animation/ControlRig/Content/Controls/ControlRig_Sphere_1mm.uasset" 762
"../../../Engine/Plugins/Animation/ControlRig/Content/Controls/ControlRig_Sphere_1mm.uexp" 763
"../../../Engine/Plugins/Animation/ControlRig/Content/Controls/ControlRig_Sphere_3mm.ubulk" 764
"../../../Engine/Plugins/Animation/ControlRig/Content/Controls/ControlRig_Sphere_3mm.uasset" 765
"../../../Engine/Plugins/Animation/ControlRig/Content/Controls/ControlRig_Sphere_3mm.uexp" 766
"../../../Engine/Plugins/Animation/ControlRig/Content/Controls/ControlRig_Sphere_solid.ubulk" 767
"../../../Engine/Plugins/Animation/ControlRig/Content/Controls/ControlRig_Sphere_solid.uasset" 768
"../../../Engine/Plugins/Animation/ControlRig/Content/Controls/ControlRig_Sphere_solid.uexp" 769
"../../../Engine/Plugins/Animation/ControlRig/Content/Controls/ControlRig_Square_1mm.ubulk" 770
"../../../Engine/Plugins/Animation/ControlRig/Content/Controls/ControlRig_Square_1mm.uasset" 771
"../../../Engine/Plugins/Animation/ControlRig/Content/Controls/ControlRig_Square_1mm.uexp" 772
"../../../Engine/Plugins/Animation/ControlRig/Content/Controls/ControlRig_Square_3mm.ubulk" 773
"../../../Engine/Plugins/Animation/ControlRig/Content/Controls/ControlRig_Square_3mm.uasset" 774
"../../../Engine/Plugins/Animation/ControlRig/Content/Controls/ControlRig_Square_3mm.uexp" 775
"../../../Engine/Plugins/Animation/ControlRig/Content/Controls/ControlRig_Square_solid.ubulk" 776
"../../../Engine/Plugins/Animation/ControlRig/Content/Controls/ControlRig_Square_solid.uasset" 777
"../../../Engine/Plugins/Animation/ControlRig/Content/Controls/ControlRig_Square_solid.uexp" 778
"../../../Engine/Plugins/Animation/ControlRig/Content/Controls/ControlRig_Star4_1mm.ubulk" 779
"../../../Engine/Plugins/Animation/ControlRig/Content/Controls/ControlRig_Star4_1mm.uasset" 780
"../../../Engine/Plugins/Animation/ControlRig/Content/Controls/ControlRig_Star4_1mm.uexp" 781
"../../../Engine/Plugins/Animation/ControlRig/Content/Controls/ControlRig_Star4_3mm.ubulk" 782
"../../../Engine/Plugins/Animation/ControlRig/Content/Controls/ControlRig_Star4_3mm.uasset" 783
"../../../Engine/Plugins/Animation/ControlRig/Content/Controls/ControlRig_Star4_3mm.uexp" 784
"../../../Engine/Plugins/Animation/ControlRig/Content/Controls/ControlRig_Star4_solid.ubulk" 785
"../../../Engine/Plugins/Animation/ControlRig/Content/Controls/ControlRig_Star4_solid.uasset" 786
"../../../Engine/Plugins/Animation/ControlRig/Content/Controls/ControlRig_Star4_solid.uexp" 787
"../../../Engine/Plugins/Animation/ControlRig/Content/Controls/ControlRig_Triangle_1mm.ubulk" 788
"../../../Engine/Plugins/Animation/ControlRig/Content/Controls/ControlRig_Triangle_1mm.uasset" 789
"../../../Engine/Plugins/Animation/ControlRig/Content/Controls/ControlRig_Triangle_1mm.uexp" 790
"../../../Engine/Plugins/Animation/ControlRig/Content/Controls/ControlRig_Triangle_3mm.ubulk" 791
"../../../Engine/Plugins/Animation/ControlRig/Content/Controls/ControlRig_Triangle_3mm.uasset" 792
"../../../Engine/Plugins/Animation/ControlRig/Content/Controls/ControlRig_Triangle_3mm.uexp" 793
"../../../Engine/Plugins/Animation/ControlRig/Content/Controls/ControlRig_Triangle_solid.ubulk" 794
"../../../Engine/Plugins/Animation/ControlRig/Content/Controls/ControlRig_Triangle_solid.uasset" 795
"../../../Engine/Plugins/Animation/ControlRig/Content/Controls/ControlRig_Triangle_solid.uexp" 796
"../../../Engine/Plugins/Animation/ControlRig/Content/Controls/ControlRig_Wedge_1mm.ubulk" 797
"../../../Engine/Plugins/Animation/ControlRig/Content/Controls/ControlRig_Wedge_1mm.uasset" 798
"../../../Engine/Plugins/Animation/ControlRig/Content/Controls/ControlRig_Wedge_1mm.uexp" 799
"../../../Engine/Plugins/Animation/ControlRig/Content/Controls/ControlRig_Wedge_3mm.ubulk" 800
"../../../Engine/Plugins/Animation/ControlRig/Content/Controls/ControlRig_Wedge_3mm.uasset" 801
"../../../Engine/Plugins/Animation/ControlRig/Content/Controls/ControlRig_Wedge_3mm.uexp" 802
"../../../Engine/Plugins/Animation/ControlRig/Content/Controls/ControlRig_Wedge_solid.ubulk" 803
"../../../Engine/Plugins/Animation/ControlRig/Content/Controls/ControlRig_Wedge_solid.uasset" 804
"../../../Engine/Plugins/Animation/ControlRig/Content/Controls/ControlRig_Wedge_solid.uexp" 805
"../../../Engine/Content/Functions/Engine_MaterialFunctions02/Texturing/CustomRotator.uasset" 806
"../../../Engine/Content/Functions/Engine_MaterialFunctions02/Texturing/CustomRotator.uexp" 807
"../../../Engine/Content/Functions/Engine_MaterialFunctions01/Texturing/ScaleUVsByCenter.uasset" 808
"../../../Engine/Content/Functions/Engine_MaterialFunctions01/Texturing/ScaleUVsByCenter.uexp" 809
"../../../Engine/Content/Functions/Engine_MaterialFunctions01/Gradient/GeneratedRoundRect.uasset" 810
"../../../Engine/Content/Functions/Engine_MaterialFunctions01/Gradient/GeneratedRoundRect.uexp" 811
"../../../Engine/Content/Functions/Engine_MaterialFunctions01/Gradient/SphereGradient-2D.uasset" 812
"../../../Engine/Content/Functions/Engine_MaterialFunctions01/Gradient/SphereGradient-2D.uexp" 813
"../../../Engine/Plugins/Runtime/AudioWidgets/Content/AudioMaterialSlate/Functions/MF_DotOutlined.uasset" 814
"../../../Engine/Plugins/Runtime/AudioWidgets/Content/AudioMaterialSlate/Functions/MF_DotOutlined.uexp" 815
"../../../Engine/Plugins/Runtime/AudioWidgets/Content/AudioMaterialSlate/M_AudioMaterialEnvelope_ADSR.uasset" 816
"../../../Engine/Plugins/Runtime/AudioWidgets/Content/AudioMaterialSlate/M_AudioMaterialEnvelope_ADSR.uexp" 817
"../../../Engine/Plugins/Runtime/AudioWidgets/Content/AudioMaterialSlate/MI_AudioMaterialEnvelope_ADSR.uasset" 818
"../../../Engine/Plugins/Runtime/AudioWidgets/Content/AudioMaterialSlate/MI_AudioMaterialEnvelope_ADSR.uexp" 819
"../../../Engine/Plugins/Runtime/AudioWidgets/Content/AudioMaterialSlate/Functions/MF_SingleLine_Smooth.uasset" 820
"../../../Engine/Plugins/Runtime/AudioWidgets/Content/AudioMaterialSlate/Functions/MF_SingleLine_Smooth.uexp" 821
"../../../Engine/Plugins/Runtime/AudioWidgets/Content/AudioMaterialSlate/Functions/MF_AngleGradient.uasset" 822
"../../../Engine/Plugins/Runtime/AudioWidgets/Content/AudioMaterialSlate/Functions/MF_AngleGradient.uexp" 823
"../../../Engine/Content/Functions/Engine_MaterialFunctions02/Lerp_3Color.uasset" 824
"../../../Engine/Content/Functions/Engine_MaterialFunctions02/Lerp_3Color.uexp" 825
"../../../Engine/Plugins/Runtime/AudioWidgets/Content/AudioMaterialSlate/M_AudioMaterialKnob.uasset" 826
"../../../Engine/Plugins/Runtime/AudioWidgets/Content/AudioMaterialSlate/M_AudioMaterialKnob.uexp" 827
"../../../Engine/Plugins/Runtime/AudioWidgets/Content/AudioMaterialSlate/MI_AudioMaterialKnob.uasset" 828
"../../../Engine/Plugins/Runtime/AudioWidgets/Content/AudioMaterialSlate/MI_AudioMaterialKnob.uexp" 829
"../../../Engine/Plugins/Runtime/AudioWidgets/Content/AudioMaterialSlate/Functions/MF_Lines.uasset" 830
"../../../Engine/Plugins/Runtime/AudioWidgets/Content/AudioMaterialSlate/Functions/MF_Lines.uexp" 831
"../../../Engine/Plugins/Runtime/AudioWidgets/Content/AudioMaterialSlate/M_AudioMaterialMeter.uasset" 832
"../../../Engine/Plugins/Runtime/AudioWidgets/Content/AudioMaterialSlate/M_AudioMaterialMeter.uexp" 833
"../../../Engine/Plugins/Runtime/AudioWidgets/Content/AudioMaterialSlate/MI_AudioMaterialMeter.uasset" 834
"../../../Engine/Plugins/Runtime/AudioWidgets/Content/AudioMaterialSlate/MI_AudioMaterialMeter.uexp" 835
"../../../Engine/Plugins/Runtime/AudioWidgets/Content/AudioMaterialSlate/M_AudioMaterialRoundedSlider.uasset" 836
"../../../Engine/Plugins/Runtime/AudioWidgets/Content/AudioMaterialSlate/M_AudioMaterialRoundedSlider.uexp" 837
"../../../Engine/Plugins/Runtime/AudioWidgets/Content/AudioMaterialSlate/MI_AudioMaterialRoundedSlider.uasset" 838
"../../../Engine/Plugins/Runtime/AudioWidgets/Content/AudioMaterialSlate/MI_AudioMaterialRoundedSlider.uexp" 839
"../../../Engine/Plugins/Runtime/AudioWidgets/Content/AudioMaterialSlate/Functions/MF_SingleLine.uasset" 840
"../../../Engine/Plugins/Runtime/AudioWidgets/Content/AudioMaterialSlate/Functions/MF_SingleLine.uexp" 841
"../../../Engine/Plugins/Runtime/AudioWidgets/Content/AudioMaterialSlate/M_AudioMaterialToggleButton.uasset" 842
"../../../Engine/Plugins/Runtime/AudioWidgets/Content/AudioMaterialSlate/M_AudioMaterialToggleButton.uexp" 843
"../../../Engine/Plugins/Runtime/AudioWidgets/Content/AudioMaterialSlate/MI_AudioMaterialToggleButton.uasset" 844
"../../../Engine/Plugins/Runtime/AudioWidgets/Content/AudioMaterialSlate/MI_AudioMaterialToggleButton.uexp" 845
"../../../Engine/Plugins/2D/Paper2D/Content/DefaultSpriteMaterial.uasset" 846
"../../../Engine/Plugins/2D/Paper2D/Content/DefaultSpriteMaterial.uexp" 847
"../../../Engine/Plugins/2D/Paper2D/Content/MaskedUnlitSpriteMaterial.uasset" 848
"../../../Engine/Plugins/2D/Paper2D/Content/MaskedUnlitSpriteMaterial.uexp" 849
"../../../Engine/Plugins/2D/Paper2D/Content/OpaqueUnlitSpriteMaterial.uasset" 850
"../../../Engine/Plugins/2D/Paper2D/Content/OpaqueUnlitSpriteMaterial.uexp" 851
"../../../Engine/Plugins/Media/MediaPlate/Content/SM_MediaPlateScreen.ubulk" 852
"../../../Engine/Plugins/Media/MediaPlate/Content/SM_MediaPlateScreen.uasset" 853
"../../../Engine/Plugins/Media/MediaPlate/Content/SM_MediaPlateScreen.uexp" 854
"../../../Engine/Content/ArtTools/RenderToTexture/Meshes/S_1_Unit_Plane.ubulk" 855
"../../../Engine/Content/ArtTools/RenderToTexture/Meshes/S_1_Unit_Plane.uasset" 856
"../../../Engine/Content/ArtTools/RenderToTexture/Meshes/S_1_Unit_Plane.uexp" 857
"../../../Engine/Plugins/NNE/NNEDenoiser/Content/NNE_oidn2-3-0_rt_hdr_calb_cnrm_large__dyn__fp16_opset11_ForwardAlpha.uasset" 858
"../../../Engine/Plugins/NNE/NNEDenoiser/Content/NNE_oidn2-3-0_rt_hdr_calb_cnrm_large__dyn__fp16_opset11_ForwardAlpha.uexp" 859
"../../../Engine/Plugins/NNE/NNEDenoiser/Content/NNE_oidn2-3-0_rt_hdr_calb_cnrm_large__dyn__fp16_opset11_DenoiseAlpha.uasset" 860
"../../../Engine/Plugins/NNE/NNEDenoiser/Content/NNE_oidn2-3-0_rt_hdr_calb_cnrm_large__dyn__fp16_opset11_DenoiseAlpha.uexp" 861
"../../../Engine/Plugins/NNE/NNEDenoiser/Content/NNE_oidn2-3-0_rt_hdr_alb_nrm__dyn__fp16_opset11_ForwardAlpha.uasset" 862
"../../../Engine/Plugins/NNE/NNEDenoiser/Content/NNE_oidn2-3-0_rt_hdr_alb_nrm__dyn__fp16_opset11_ForwardAlpha.uexp" 863
"../../../Engine/Plugins/NNE/NNEDenoiser/Content/NNE_oidn2-3-0_rt_hdr_alb_nrm__dyn__fp16_opset11_DenoiseAlpha.uasset" 864
"../../../Engine/Plugins/NNE/NNEDenoiser/Content/NNE_oidn2-3-0_rt_hdr_alb_nrm__dyn__fp16_opset11_DenoiseAlpha.uexp" 865
"../../../Engine/Plugins/NNE/NNEDenoiser/Content/NNE_oidn2-3-0_rt_hdr_alb_nrm_small__dyn__fp16_opset11_ForwardAlpha.uasset" 866
"../../../Engine/Plugins/NNE/NNEDenoiser/Content/NNE_oidn2-3-0_rt_hdr_alb_nrm_small__dyn__fp16_opset11_ForwardAlpha.uexp" 867
"../../../Engine/Plugins/NNE/NNEDenoiser/Content/NNE_oidn2-3-0_rt_hdr_alb_nrm_small__dyn__fp16_opset11_DenoiseAlpha.uasset" 868
"../../../Engine/Plugins/NNE/NNEDenoiser/Content/NNE_oidn2-3-0_rt_hdr_alb_nrm_small__dyn__fp16_opset11_DenoiseAlpha.uexp" 869
"../../../Engine/Plugins/NNE/NNEDenoiser/Content/NNED_Oidn2-3_HighQuality_Alpha.uasset" 870
"../../../Engine/Plugins/NNE/NNEDenoiser/Content/NNED_Oidn2-3_HighQuality_Alpha.uexp" 871
"../../../Engine/Plugins/NNE/NNEDenoiser/Content/NNED_Oidn2-3_HighQuality.uasset" 872
"../../../Engine/Plugins/NNE/NNEDenoiser/Content/NNED_Oidn2-3_HighQuality.uexp" 873
"../../../Engine/Plugins/NNE/NNEDenoiser/Content/NNED_Oidn2-3_Fast_Alpha.uasset" 874
"../../../Engine/Plugins/NNE/NNEDenoiser/Content/NNED_Oidn2-3_Fast_Alpha.uexp" 875
"../../../Engine/Plugins/NNE/NNEDenoiser/Content/NNED_Oidn2-3_Fast.uasset" 876
"../../../Engine/Plugins/NNE/NNEDenoiser/Content/NNED_Oidn2-3_Fast.uexp" 877
"../../../Engine/Plugins/NNE/NNEDenoiser/Content/NNED_Oidn2-3_Balanced_Alpha.uasset" 878
"../../../Engine/Plugins/NNE/NNEDenoiser/Content/NNED_Oidn2-3_Balanced_Alpha.uexp" 879
"../../../Engine/Plugins/NNE/NNEDenoiser/Content/NNED_Oidn2-3_Balanced.uasset" 880
"../../../Engine/Plugins/NNE/NNEDenoiser/Content/NNED_Oidn2-3_Balanced.uexp" 881
"../../../Engine/Plugins/NNE/NNEDenoiser/Content/NNEDT_Oidn2-3_Balanced_Alpha.uasset" 882
"../../../Engine/Plugins/NNE/NNEDenoiser/Content/NNEDT_Oidn2-3_Balanced_Alpha.uexp" 883
"../../../Engine/Plugins/NNE/NNEDenoiser/Content/NNEDT_Oidn2-3_Balanced.uasset" 884
"../../../Engine/Plugins/NNE/NNEDenoiser/Content/NNEDT_Oidn2-3_Balanced.uexp" 885
"../../../Engine/Plugins/Animation/DeformerGraph/Content/Deformers/DG_LinearBlendSkin_Morph_Cloth_RecomputeNormals.uasset" 886
"../../../Engine/Plugins/Animation/DeformerGraph/Content/Deformers/DG_LinearBlendSkin_Morph_Cloth_RecomputeNormals.uexp" 887
"../../../Engine/Plugins/Animation/DeformerGraph/Content/Deformers/DG_LinearBlendSkin_Morph_Cloth.uasset" 888
"../../../Engine/Plugins/Animation/DeformerGraph/Content/Deformers/DG_LinearBlendSkin_Morph_Cloth.uexp" 889
"../../../Engine/Plugins/Animation/DeformerGraph/Content/DeformerFunctions/DG_Function_LinearBlendSkin_Morph_Cloth_PositionOnly.uasset" 890
"../../../Engine/Plugins/Animation/DeformerGraph/Content/DeformerFunctions/DG_Function_LinearBlendSkin_Morph_Cloth_PositionOnly.uexp" 891
"../../../Engine/Plugins/Animation/DeformerGraph/Content/DeformerFunctions/DG_Function_LinearBlendSkin_Morph_Cloth.uasset" 892
"../../../Engine/Plugins/Animation/DeformerGraph/Content/DeformerFunctions/DG_Function_LinearBlendSkin_Morph_Cloth.uexp" 893
"../../../Engine/Plugins/Animation/DeformerGraph/Content/DeformerFunctions/DG_Function_ComputeNormalsTangents.uasset" 894
"../../../Engine/Plugins/Animation/DeformerGraph/Content/DeformerFunctions/DG_Function_ComputeNormalsTangents.uexp" 895
"../../../Engine/Content/VREditor/TransformGizmo/StartRotationHandleIndicator.ubulk" 896
"../../../Engine/Content/VREditor/TransformGizmo/StartRotationHandleIndicator.uasset" 897
"../../../Engine/Content/VREditor/TransformGizmo/StartRotationHandleIndicator.uexp" 898
"../../../Engine/Content/VREditor/Sounds/UI/Drop_Item_From_ContentBrowser.ubulk" 899
"../../../Engine/Content/VREditor/Sounds/UI/Drop_Item_From_ContentBrowser.uasset" 900
"../../../Engine/Content/VREditor/Sounds/UI/Drop_Item_From_ContentBrowser.uexp" 901
"../../../Engine/Content/VREditor/TransformGizmo/PlaneTranslationHandle.ubulk" 902
"../../../Engine/Content/VREditor/TransformGizmo/PlaneTranslationHandle.uasset" 903
"../../../Engine/Content/VREditor/TransformGizmo/PlaneTranslationHandle.uexp" 904
"../../../Engine/Content/VREditor/Sounds/UI/Object_Snaps_To_Grid.ubulk" 905
"../../../Engine/Content/VREditor/Sounds/UI/Object_Snaps_To_Grid.uasset" 906
"../../../Engine/Content/VREditor/Sounds/UI/Object_Snaps_To_Grid.uexp" 907
"../../../Engine/Content/VREditor/Sounds/UI/Selection_Changes.ubulk" 908
"../../../Engine/Content/VREditor/Sounds/UI/Selection_Changes.uasset" 909
"../../../Engine/Content/VREditor/Sounds/UI/Selection_Changes.uexp" 910
"../../../Engine/Content/VREditor/Sounds/UI/Object_Snaps_To_Another_Actor.ubulk" 911
"../../../Engine/Content/VREditor/Sounds/UI/Object_Snaps_To_Another_Actor.uasset" 912
"../../../Engine/Content/VREditor/Sounds/UI/Object_Snaps_To_Another_Actor.uexp" 913
"../../../Engine/Content/VREditor/TransformGizmo/TranslucentTransformGizmoMaterial_Inst.uasset" 914
"../../../Engine/Content/VREditor/TransformGizmo/TranslucentTransformGizmoMaterial_Inst.uexp" 915
"../../../Engine/Content/VREditor/TransformGizmo/TransformGizmoFreeRotation.ubulk" 916
"../../../Engine/Content/VREditor/TransformGizmo/TransformGizmoFreeRotation.uasset" 917
"../../../Engine/Content/VREditor/TransformGizmo/TransformGizmoFreeRotation.uexp" 918
"../../../Engine/Content/VREditor/Sounds/UI/Scaling_Down.ubulk" 919
"../../../Engine/Content/VREditor/Sounds/UI/Scaling_Down.uasset" 920
"../../../Engine/Content/VREditor/Sounds/UI/Scaling_Down.uexp" 921
"../../../Engine/Content/Functions/Engine_MaterialFunctions02/SplitComponents.uasset" 922
"../../../Engine/Content/Functions/Engine_MaterialFunctions02/SplitComponents.uexp" 923
"../../../Engine/Content/VREditor/SnapGrid/SnapGridMaterial.uasset" 924
"../../../Engine/Content/VREditor/SnapGrid/SnapGridMaterial.uexp" 925
"../../../Engine/Content/VREditor/SnapGrid/SnapGridPlaneMesh.ubulk" 926
"../../../Engine/Content/VREditor/SnapGrid/SnapGridPlaneMesh.uasset" 927
"../../../Engine/Content/VREditor/SnapGrid/SnapGridPlaneMesh.uexp" 928
"../../../Engine/Content/VREditor/Sounds/UI/Scaling_Up.ubulk" 929
"../../../Engine/Content/VREditor/Sounds/UI/Scaling_Up.uasset" 930
"../../../Engine/Content/VREditor/Sounds/UI/Scaling_Up.uexp" 931
"../../../Engine/Content/VREditor/TransformGizmo/TransformGizmoMaterial_Inst.uasset" 932
"../../../Engine/Content/VREditor/TransformGizmo/TransformGizmoMaterial_Inst.uexp" 933
"../../../Engine/Content/VREditor/Sounds/UI/Gizmo_Handle_Clicked.ubulk" 934
"../../../Engine/Content/VREditor/Sounds/UI/Gizmo_Handle_Clicked.uasset" 935
"../../../Engine/Content/VREditor/Sounds/UI/Gizmo_Handle_Clicked.uexp" 936
"../../../Engine/Content/VREditor/TransformGizmo/RotationHandleQuarter.ubulk" 937
"../../../Engine/Content/VREditor/TransformGizmo/RotationHandleQuarter.uasset" 938
"../../../Engine/Content/VREditor/TransformGizmo/RotationHandleQuarter.uexp" 939
"../../../Engine/Content/VREditor/TransformGizmo/TranslateArrowHandle.ubulk" 940
"../../../Engine/Content/VREditor/TransformGizmo/TranslateArrowHandle.uasset" 941
"../../../Engine/Content/VREditor/TransformGizmo/TranslateArrowHandle.uexp" 942
"../../../Engine/Content/VREditor/TransformGizmo/RotationHandleIndicator.ubulk" 943
"../../../Engine/Content/VREditor/TransformGizmo/RotationHandleIndicator.uasset" 944
"../../../Engine/Content/VREditor/TransformGizmo/RotationHandleIndicator.uexp" 945
"../../../Engine/Content/VREditor/TransformGizmo/UniformScaleHandle.ubulk" 946
"../../../Engine/Content/VREditor/TransformGizmo/UniformScaleHandle.uasset" 947
"../../../Engine/Content/VREditor/TransformGizmo/UniformScaleHandle.uexp" 948
"../../../Engine/Content/VREditor/TransformGizmo/RotationHandleFull.ubulk" 949
"../../../Engine/Content/VREditor/TransformGizmo/RotationHandleFull.uasset" 950
"../../../Engine/Content/VREditor/TransformGizmo/RotationHandleFull.uexp" 951
"../../../Engine/Content/VREditor/Sounds/UI/Object_PickUp.ubulk" 952
"../../../Engine/Content/VREditor/Sounds/UI/Object_PickUp.uasset" 953
"../../../Engine/Content/VREditor/Sounds/UI/Object_PickUp.uexp" 954
"../../../Engine/Content/EngineResources/LandscapeVisibilityLayerInfo.uasset" 955
"../../../Engine/Content/EngineResources/LandscapeVisibilityLayerInfo.uexp" 956
"../../../Engine/Content/BasicShapes/Cube.ubulk" 957
"../../../Engine/Content/BasicShapes/Cube.uasset" 958
"../../../Engine/Content/BasicShapes/Cube.uexp" 959
"C:/Users/jaedo/git stuff/2025/Team-2-GD2/ChickenGame/Content/LevelPrototyping/Textures/T_GridChecker_A.ubulk" 960
"C:/Users/jaedo/git stuff/2025/Team-2-GD2/ChickenGame/Content/LevelPrototyping/Textures/T_GridChecker_A.uasset" 961
"C:/Users/jaedo/git stuff/2025/Team-2-GD2/ChickenGame/Content/LevelPrototyping/Textures/T_GridChecker_A.uexp" 962
"../../../Engine/Content/Functions/Engine_MaterialFunctions01/Gradient/LinearGradient.uasset" 963
"../../../Engine/Content/Functions/Engine_MaterialFunctions01/Gradient/LinearGradient.uexp" 964
"../../../Engine/Content/Functions/Engine_MaterialFunctions01/ImageAdjustment/CheapContrast.uasset" 965
"../../../Engine/Content/Functions/Engine_MaterialFunctions01/ImageAdjustment/CheapContrast.uexp" 966
"C:/Users/jaedo/git stuff/2025/Team-2-GD2/ChickenGame/Content/LevelPrototyping/Materials/MF_ProcGrid.uasset" 967
"C:/Users/jaedo/git stuff/2025/Team-2-GD2/ChickenGame/Content/LevelPrototyping/Materials/MF_ProcGrid.uexp" 968
"C:/Users/jaedo/git stuff/2025/Team-2-GD2/ChickenGame/Content/LevelPrototyping/Materials/M_PrototypeGrid.uasset" 969
"C:/Users/jaedo/git stuff/2025/Team-2-GD2/ChickenGame/Content/LevelPrototyping/Materials/M_PrototypeGrid.uexp" 970
"C:/Users/jaedo/git stuff/2025/Team-2-GD2/ChickenGame/Content/LevelPrototyping/Materials/MI_PrototypeGrid_Gray.uasset" 971
"C:/Users/jaedo/git stuff/2025/Team-2-GD2/ChickenGame/Content/LevelPrototyping/Materials/MI_PrototypeGrid_Gray.uexp" 972
"C:/Users/jaedo/git stuff/2025/Team-2-GD2/ChickenGame/Content/LevelPrototyping/Materials/MI_PrototypeGrid_DirtBrown.uasset" 973
"C:/Users/jaedo/git stuff/2025/Team-2-GD2/ChickenGame/Content/LevelPrototyping/Materials/MI_PrototypeGrid_DirtBrown.uexp" 974
"../../../Engine/Plugins/Interchange/Assets/Content/gltf/MaterialInstances/MI_Default_Mask_DS.uasset" 975
"../../../Engine/Plugins/Interchange/Assets/Content/gltf/MaterialInstances/MI_Default_Mask_DS.uexp" 976
"C:/Users/jaedo/git stuff/2025/Team-2-GD2/ChickenGame/Content/ChickenEscape/fence/grillage_alpha.ubulk" 977
"C:/Users/jaedo/git stuff/2025/Team-2-GD2/ChickenGame/Content/ChickenEscape/fence/grillage_alpha.uasset" 978
"C:/Users/jaedo/git stuff/2025/Team-2-GD2/ChickenGame/Content/ChickenEscape/fence/grillage_alpha.uexp" 979
"C:/Users/jaedo/git stuff/2025/Team-2-GD2/ChickenGame/Content/ChickenEscape/fence/fencemat.uasset" 980
"C:/Users/jaedo/git stuff/2025/Team-2-GD2/ChickenGame/Content/ChickenEscape/fence/fencemat.uexp" 981
"C:/Users/jaedo/git stuff/2025/Team-2-GD2/ChickenGame/Content/ChickenEscape/fence/fencevariant2.ubulk" 982
"C:/Users/jaedo/git stuff/2025/Team-2-GD2/ChickenGame/Content/ChickenEscape/fence/fencevariant2.uasset" 983
"C:/Users/jaedo/git stuff/2025/Team-2-GD2/ChickenGame/Content/ChickenEscape/fence/fencevariant2.uexp" 984
"../../../Engine/Plugins/Enterprise/DatasmithContent/Content/Materials/_common/Textures/T_GenericBrickGlass_N.ubulk" 985
"../../../Engine/Plugins/Enterprise/DatasmithContent/Content/Materials/_common/Textures/T_GenericBrickGlass_N.uasset" 986
"../../../Engine/Plugins/Enterprise/DatasmithContent/Content/Materials/_common/Textures/T_GenericBrickGlass_N.uexp" 987
"../../../Engine/Content/EditorMaterials/WidgetGridVertexColorMaterial.ubulk" 988
"../../../Engine/Content/EditorMaterials/WidgetGridVertexColorMaterial.uasset" 989
"../../../Engine/Content/EditorMaterials/WidgetGridVertexColorMaterial.uexp" 990
"../../../Engine/Content/Engine_MI_Shaders/T_Base_Tile_Variation.ubulk" 991
"../../../Engine/Content/Engine_MI_Shaders/T_Base_Tile_Variation.uasset" 992
"../../../Engine/Content/Engine_MI_Shaders/T_Base_Tile_Variation.uexp" 993
"C:/Users/jaedo/git stuff/2025/Team-2-GD2/ChickenGame/Content/StarterContent/Textures/T_Metal_Gold_D.ubulk" 994
"C:/Users/jaedo/git stuff/2025/Team-2-GD2/ChickenGame/Content/StarterContent/Textures/T_Metal_Gold_D.uasset" 995
"C:/Users/jaedo/git stuff/2025/Team-2-GD2/ChickenGame/Content/StarterContent/Textures/T_Metal_Gold_D.uexp" 996
"C:/Users/jaedo/git stuff/2025/Team-2-GD2/ChickenGame/Content/ChickenGame/Materials/Textures/Grass/T_MyGrass1_D.ubulk" 997
"C:/Users/jaedo/git stuff/2025/Team-2-GD2/ChickenGame/Content/ChickenGame/Materials/Textures/Grass/T_MyGrass1_D.uasset" 998
"C:/Users/jaedo/git stuff/2025/Team-2-GD2/ChickenGame/Content/ChickenGame/Materials/Textures/Grass/T_MyGrass1_D.uexp" 999
"C:/Users/jaedo/git stuff/2025/Team-2-GD2/ChickenGame/Content/ChickenGame/Materials/Textures/Grass/T_MyGrass1_N.ubulk" 1000
"C:/Users/jaedo/git stuff/2025/Team-2-GD2/ChickenGame/Content/ChickenGame/Materials/Textures/Grass/T_MyGrass1_N.uasset" 1001
"C:/Users/jaedo/git stuff/2025/Team-2-GD2/ChickenGame/Content/ChickenGame/Materials/Textures/Grass/T_MyGrass1_N.uexp" 1002
"../../../Engine/Content/EngineMaterials/DefCube_Face.uasset" 1003
"../../../Engine/Content/EngineMaterials/DefCube_Face.uexp" 1004
"../../../Engine/Content/EngineMaterials/FlatNormal.uasset" 1005
"../../../Engine/Content/EngineMaterials/FlatNormal.uexp" 1006
"C:/Users/jaedo/git stuff/2025/Team-2-GD2/ChickenGame/Content/ChickenGame/Materials/Parent/MF_TopBlend.uasset" 1007
"C:/Users/jaedo/git stuff/2025/Team-2-GD2/ChickenGame/Content/ChickenGame/Materials/Parent/MF_TopBlend.uexp" 1008
"../../../Engine/Plugins/Interchange/Assets/Content/gltf/Textures/T_Gray_Linear.uasset" 1009
"../../../Engine/Plugins/Interchange/Assets/Content/gltf/Textures/T_Gray_Linear.uexp" 1010
"../../../Engine/Content/EngineMaterials/DefaultNormal_Uncompressed.ubulk" 1011
"../../../Engine/Content/EngineMaterials/DefaultNormal_Uncompressed.uasset" 1012
"../../../Engine/Content/EngineMaterials/DefaultNormal_Uncompressed.uexp" 1013
"../../../Engine/Content/Functions/Engine_MaterialFunctions02/Math/CreateThirdOrthogonalVector.uasset" 1014
"../../../Engine/Content/Functions/Engine_MaterialFunctions02/Math/CreateThirdOrthogonalVector.uexp" 1015
"../../../Engine/Content/Functions/Engine_MaterialFunctions02/WorldAlignedNormals_HighQuality.uasset" 1016
"../../../Engine/Content/Functions/Engine_MaterialFunctions02/WorldAlignedNormals_HighQuality.uexp" 1017
"../../../Engine/Content/Functions/Engine_MaterialFunctions01/Texturing/WorldAlignedNormal.uasset" 1018
"../../../Engine/Content/Functions/Engine_MaterialFunctions01/Texturing/WorldAlignedNormal.uexp" 1019
"../../../Engine/Content/EngineResources/DefaultTexture.ubulk" 1020
"../../../Engine/Content/EngineResources/DefaultTexture.uasset" 1021
"../../../Engine/Content/EngineResources/DefaultTexture.uexp" 1022
"../../../Engine/Plugins/Experimental/MeshModelingToolsetExp/Content/Textures/DefaultOpacity.uasset" 1023
"../../../Engine/Plugins/Experimental/MeshModelingToolsetExp/Content/Textures/DefaultOpacity.uexp" 1024
"../../../Engine/Content/Functions/Engine_MaterialFunctions01/Texturing/WorldAlignedTexture.uasset" 1025
"../../../Engine/Content/Functions/Engine_MaterialFunctions01/Texturing/WorldAlignedTexture.uexp" 1026
"C:/Users/jaedo/git stuff/2025/Team-2-GD2/ChickenGame/Content/ChickenGame/Materials/Parent/M_AoRM.uasset" 1027
"C:/Users/jaedo/git stuff/2025/Team-2-GD2/ChickenGame/Content/ChickenGame/Materials/Parent/M_AoRM.uexp" 1028
"C:/Users/jaedo/git stuff/2025/Team-2-GD2/ChickenGame/Content/ChickenGame/Materials/Textures/Grass/T_MyGrass1_AoRM.ubulk" 1029
"C:/Users/jaedo/git stuff/2025/Team-2-GD2/ChickenGame/Content/ChickenGame/Materials/Textures/Grass/T_MyGrass1_AoRM.uasset" 1030
"C:/Users/jaedo/git stuff/2025/Team-2-GD2/ChickenGame/Content/ChickenGame/Materials/Textures/Grass/T_MyGrass1_AoRM.uexp" 1031
"C:/Users/jaedo/git stuff/2025/Team-2-GD2/ChickenGame/Content/ChickenGame/Materials/MI_Grass.uasset" 1032
"C:/Users/jaedo/git stuff/2025/Team-2-GD2/ChickenGame/Content/ChickenGame/Materials/MI_Grass.uexp" 1033
"C:/Users/jaedo/git stuff/2025/Team-2-GD2/ChickenGame/Content/ChickenGame/Materials/MI_Fence.uasset" 1034
"C:/Users/jaedo/git stuff/2025/Team-2-GD2/ChickenGame/Content/ChickenGame/Materials/MI_Fence.uexp" 1035
"../../../Engine/Content/BasicShapes/Cylinder.ubulk" 1036
"../../../Engine/Content/BasicShapes/Cylinder.uasset" 1037
"../../../Engine/Content/BasicShapes/Cylinder.uexp" 1038
"C:/Users/jaedo/git stuff/2025/Team-2-GD2/ChickenGame/Content/Audio/FX/Toys/BellSpoon.ubulk" 1039
"C:/Users/jaedo/git stuff/2025/Team-2-GD2/ChickenGame/Content/Audio/FX/Toys/BellSpoon.uasset" 1040
"C:/Users/jaedo/git stuff/2025/Team-2-GD2/ChickenGame/Content/Audio/FX/Toys/BellSpoon.uexp" 1041
"../../../Engine/Content/Functions/Engine_MaterialFunctions02/SupportFiles/1x1x1BoxCenterAligned.uasset" 1042
"../../../Engine/Content/Functions/Engine_MaterialFunctions02/SupportFiles/1x1x1BoxCenterAligned.uexp" 1043
"C:/Users/jaedo/git stuff/2025/Team-2-GD2/ChickenGame/Content/ChickenGame/Materials/Parent/M_DebugFresnel.uasset" 1044
"C:/Users/jaedo/git stuff/2025/Team-2-GD2/ChickenGame/Content/ChickenGame/Materials/Parent/M_DebugFresnel.uexp" 1045
"C:/Users/jaedo/git stuff/2025/Team-2-GD2/ChickenGame/Content/ChickenGame/Widgets/Harvest_Story.uexp" 1046
"C:/Users/jaedo/git stuff/2025/Team-2-GD2/ChickenGame/Content/ChickenGame/Widgets/Harvest_Story.uasset" 1047
"C:/Users/jaedo/git stuff/2025/Team-2-GD2/ChickenGame/Content/ChickenGame/Widgets/Harvest_Story.ufont" 1048
"C:/Users/jaedo/git stuff/2025/Team-2-GD2/ChickenGame/Content/ChickenGame/Widgets/Harvest_Story_Font.uasset" 1049
"C:/Users/jaedo/git stuff/2025/Team-2-GD2/ChickenGame/Content/ChickenGame/Widgets/Harvest_Story_Font.uexp" 1050
"C:/Users/jaedo/git stuff/2025/Team-2-GD2/ChickenGame/Content/ChickenGame/UI_Elements/thanks_forplaying.uasset" 1051
"C:/Users/jaedo/git stuff/2025/Team-2-GD2/ChickenGame/Content/ChickenGame/UI_Elements/thanks_forplaying.uexp" 1052
"C:/Users/jaedo/git stuff/2025/Team-2-GD2/ChickenGame/Content/ChickenGame/Widgets/W_ThanksFOrPlay.uasset" 1053
"C:/Users/jaedo/git stuff/2025/Team-2-GD2/ChickenGame/Content/ChickenGame/Widgets/W_ThanksFOrPlay.uexp" 1054
"../../../Engine/Content/EngineSounds/Master.uasset" 1055
"../../../Engine/Content/EngineSounds/Master.uexp" 1056
"../../../Engine/Content/EngineSounds/Music.uasset" 1057
"../../../Engine/Content/EngineSounds/Music.uexp" 1058
"C:/Users/jaedo/git stuff/2025/Team-2-GD2/ChickenGame/Content/ChickenGame/Audio/Music/UnderHisWing.ubulk" 1059
"C:/Users/jaedo/git stuff/2025/Team-2-GD2/ChickenGame/Content/ChickenGame/Audio/Music/UnderHisWing.uasset" 1060
"C:/Users/jaedo/git stuff/2025/Team-2-GD2/ChickenGame/Content/ChickenGame/Audio/Music/UnderHisWing.uexp" 1061
"../../../Engine/Plugins/FX/Niagara/Content/DefaultAssets/DefaultSpriteMaterial.uasset" 1062
"../../../Engine/Plugins/FX/Niagara/Content/DefaultAssets/DefaultSpriteMaterial.uexp" 1063
"C:/Users/jaedo/git stuff/2025/Team-2-GD2/ChickenGame/Content/ChickenGame/VFX/NiagaraSystems/NS_EndCircle.uasset" 1064
"C:/Users/jaedo/git stuff/2025/Team-2-GD2/ChickenGame/Content/ChickenGame/VFX/NiagaraSystems/NS_EndCircle.uexp" 1065
"C:/Users/jaedo/git stuff/2025/Team-2-GD2/ChickenGame/Content/BluePrints/BP_EndLocation.uasset" 1066
"C:/Users/jaedo/git stuff/2025/Team-2-GD2/ChickenGame/Content/BluePrints/BP_EndLocation.uexp" 1067
"C:/Users/jaedo/git stuff/2025/Team-2-GD2/ChickenGame/Content/BluePrints/EndZone.uasset" 1068
"C:/Users/jaedo/git stuff/2025/Team-2-GD2/ChickenGame/Content/BluePrints/EndZone.uexp" 1069
"C:/Users/jaedo/git stuff/2025/Team-2-GD2/ChickenGame/Content/Audio/Attribution/freesound/burnsie289__dodgeball.ubulk" 1070
"C:/Users/jaedo/git stuff/2025/Team-2-GD2/ChickenGame/Content/Audio/Attribution/freesound/burnsie289__dodgeball.uasset" 1071
"C:/Users/jaedo/git stuff/2025/Team-2-GD2/ChickenGame/Content/Audio/Attribution/freesound/burnsie289__dodgeball.uexp" 1072
"../../../Engine/Content/EngineSounds/Normal_Attack.uasset" 1073
"../../../Engine/Content/EngineSounds/Normal_Attack.uexp" 1074
"../../../Engine/Content/EngineSounds/Duck_Normal_Attack_MixMod.uasset" 1075
"../../../Engine/Content/EngineSounds/Duck_Normal_Attack_MixMod.uexp" 1076
"../../../Engine/Content/EngineSounds/Special_Attack_PSM.uasset" 1077
"../../../Engine/Content/EngineSounds/Special_Attack_PSM.uexp" 1078
"../../../Engine/Content/EngineSounds/SFX.uasset" 1079
"../../../Engine/Content/EngineSounds/SFX.uexp" 1080
"C:/Users/jaedo/git stuff/2025/Team-2-GD2/ChickenGame/Content/Audio/FX/Crystal/Crystal_Drag.ubulk" 1081
"C:/Users/jaedo/git stuff/2025/Team-2-GD2/ChickenGame/Content/Audio/FX/Crystal/Crystal_Drag.uasset" 1082
"C:/Users/jaedo/git stuff/2025/Team-2-GD2/ChickenGame/Content/Audio/FX/Crystal/Crystal_Drag.uexp" 1083
"C:/Users/jaedo/git stuff/2025/Team-2-GD2/ChickenGame/Content/ChickenGame/Audio/Chicken/Ba-2.ubulk" 1084
"C:/Users/jaedo/git stuff/2025/Team-2-GD2/ChickenGame/Content/ChickenGame/Audio/Chicken/Ba-2.uasset" 1085
"C:/Users/jaedo/git stuff/2025/Team-2-GD2/ChickenGame/Content/ChickenGame/Audio/Chicken/Ba-2.uexp" 1086
"C:/Users/jaedo/git stuff/2025/Team-2-GD2/ChickenGame/Content/ChickenGame/Audio/Chicken/Ba-1.ubulk" 1087
"C:/Users/jaedo/git stuff/2025/Team-2-GD2/ChickenGame/Content/ChickenGame/Audio/Chicken/Ba-1.uasset" 1088
"C:/Users/jaedo/git stuff/2025/Team-2-GD2/ChickenGame/Content/ChickenGame/Audio/Chicken/Ba-1.uexp" 1089
"C:/Users/jaedo/git stuff/2025/Team-2-GD2/ChickenGame/Content/ChickenGame/Audio/Chicken/Ba_Cue.uasset" 1090
"C:/Users/jaedo/git stuff/2025/Team-2-GD2/ChickenGame/Content/ChickenGame/Audio/Chicken/Ba_Cue.uexp" 1091
"../../../Engine/Content/EngineMeshes/s_cube_1cm_flippednormals.ubulk" 1092
"../../../Engine/Content/EngineMeshes/s_cube_1cm_flippednormals.uasset" 1093
"../../../Engine/Content/EngineMeshes/s_cube_1cm_flippednormals.uexp" 1094
"C:/Users/jaedo/git stuff/2025/Team-2-GD2/ChickenGame/Content/Imported/VFX/Textures/T_Feathers.uasset" 1095
"C:/Users/jaedo/git stuff/2025/Team-2-GD2/ChickenGame/Content/Imported/VFX/Textures/T_Feathers.uexp" 1096
"C:/Users/jaedo/git stuff/2025/Team-2-GD2/ChickenGame/Content/Imported/VFX/Materials/M_Feathers.uasset" 1097
"C:/Users/jaedo/git stuff/2025/Team-2-GD2/ChickenGame/Content/Imported/VFX/Materials/M_Feathers.uexp" 1098
"C:/Users/jaedo/git stuff/2025/Team-2-GD2/ChickenGame/Content/Imported/VFX/Feather_explotion.uasset" 1099
"C:/Users/jaedo/git stuff/2025/Team-2-GD2/ChickenGame/Content/Imported/VFX/Feather_explotion.uexp" 1100
"C:/Users/jaedo/git stuff/2025/Team-2-GD2/ChickenGame/Content/ChickenGame/ImportedModels/EggKey/egg_fbx_texture_0.ubulk" 1101
"C:/Users/jaedo/git stuff/2025/Team-2-GD2/ChickenGame/Content/ChickenGame/ImportedModels/EggKey/egg_fbx_texture_0.uasset" 1102
"C:/Users/jaedo/git stuff/2025/Team-2-GD2/ChickenGame/Content/ChickenGame/ImportedModels/EggKey/egg_fbx_texture_0.uexp" 1103
"C:/Users/jaedo/git stuff/2025/Team-2-GD2/ChickenGame/Content/ChickenGame/ImportedModels/EggKey/egg_fbx_texture_1.ubulk" 1104
"C:/Users/jaedo/git stuff/2025/Team-2-GD2/ChickenGame/Content/ChickenGame/ImportedModels/EggKey/egg_fbx_texture_1.uasset" 1105
"C:/Users/jaedo/git stuff/2025/Team-2-GD2/ChickenGame/Content/ChickenGame/ImportedModels/EggKey/egg_fbx_texture_1.uexp" 1106
"C:/Users/jaedo/git stuff/2025/Team-2-GD2/ChickenGame/Content/ChickenGame/ImportedModels/EggKey/egg_fbx_texture_2.ubulk" 1107
"C:/Users/jaedo/git stuff/2025/Team-2-GD2/ChickenGame/Content/ChickenGame/ImportedModels/EggKey/egg_fbx_texture_2.uasset" 1108
"C:/Users/jaedo/git stuff/2025/Team-2-GD2/ChickenGame/Content/ChickenGame/ImportedModels/EggKey/egg_fbx_texture_2.uexp" 1109
"../../../Engine/Plugins/Interchange/Assets/Content/gltf/MaterialInstances/MI_Default_Opaque_DS.uasset" 1110
"../../../Engine/Plugins/Interchange/Assets/Content/gltf/MaterialInstances/MI_Default_Opaque_DS.uexp" 1111
"C:/Users/jaedo/git stuff/2025/Team-2-GD2/ChickenGame/Content/ChickenGame/ImportedModels/EggKey/lambert1.uasset" 1112
"C:/Users/jaedo/git stuff/2025/Team-2-GD2/ChickenGame/Content/ChickenGame/ImportedModels/EggKey/lambert1.uexp" 1113
"C:/Users/jaedo/git stuff/2025/Team-2-GD2/ChickenGame/Content/ChickenGame/ImportedModels/EggKey/egg_fbx.ubulk" 1114
"C:/Users/jaedo/git stuff/2025/Team-2-GD2/ChickenGame/Content/ChickenGame/ImportedModels/EggKey/egg_fbx.uasset" 1115
"C:/Users/jaedo/git stuff/2025/Team-2-GD2/ChickenGame/Content/ChickenGame/ImportedModels/EggKey/egg_fbx.uexp" 1116
"../../../Engine/Content/EngineMeshes/Cube.ubulk" 1117
"../../../Engine/Content/EngineMeshes/Cube.uasset" 1118
"../../../Engine/Content/EngineMeshes/Cube.uexp" 1119
"C:/Users/jaedo/git stuff/2025/Team-2-GD2/ChickenGame/Content/Audio/FX/Toys/coin.ubulk" 1120
"C:/Users/jaedo/git stuff/2025/Team-2-GD2/ChickenGame/Content/Audio/FX/Toys/coin.uasset" 1121
"C:/Users/jaedo/git stuff/2025/Team-2-GD2/ChickenGame/Content/Audio/FX/Toys/coin.uexp" 1122
"C:/Users/jaedo/git stuff/2025/Team-2-GD2/ChickenGame/Content/BluePrints/Collectables/BP_Collectable.uasset" 1123
"C:/Users/jaedo/git stuff/2025/Team-2-GD2/ChickenGame/Content/BluePrints/Collectables/BP_Collectable.uexp" 1124
"../../../Engine/Plugins/FX/Niagara/Content/VectorFields/Assets/TilingCurl32.uasset" 1125
"../../../Engine/Plugins/FX/Niagara/Content/VectorFields/Assets/TilingCurl32.uexp" 1126
"../../../Engine/Content/EngineVolumetrics/Fogsheet/Materials/T_EV_FogSheet_Falloff_01.ubulk" 1127
"../../../Engine/Content/EngineVolumetrics/Fogsheet/Materials/T_EV_FogSheet_Falloff_01.uasset" 1128
"../../../Engine/Content/EngineVolumetrics/Fogsheet/Materials/T_EV_FogSheet_Falloff_01.uexp" 1129
"C:/Users/jaedo/git stuff/2025/Team-2-GD2/ChickenGame/Content/Imported/VFX/Materials/M_AditiveSpriteMine.uasset" 1130
"C:/Users/jaedo/git stuff/2025/Team-2-GD2/ChickenGame/Content/Imported/VFX/Materials/M_AditiveSpriteMine.uexp" 1131
"C:/Users/jaedo/git stuff/2025/Team-2-GD2/ChickenGame/Content/Imported/VFX/NS_Bugs.uasset" 1132
"C:/Users/jaedo/git stuff/2025/Team-2-GD2/ChickenGame/Content/Imported/VFX/NS_Bugs.uexp" 1133
"C:/Users/jaedo/git stuff/2025/Team-2-GD2/ChickenGame/Content/ChickenGame/Audio/Chicken/Extra_life.ubulk" 1134
"C:/Users/jaedo/git stuff/2025/Team-2-GD2/ChickenGame/Content/ChickenGame/Audio/Chicken/Extra_life.uasset" 1135
"C:/Users/jaedo/git stuff/2025/Team-2-GD2/ChickenGame/Content/ChickenGame/Audio/Chicken/Extra_life.uexp" 1136
"C:/Users/jaedo/git stuff/2025/Team-2-GD2/ChickenGame/Content/BluePrints/Collectables/BP_Key.uasset" 1137
"C:/Users/jaedo/git stuff/2025/Team-2-GD2/ChickenGame/Content/BluePrints/Collectables/BP_Key.uexp" 1138
"C:/Users/jaedo/git stuff/2025/Team-2-GD2/ChickenGame/Content/ChickenGame/Audio/Chicken/Scream.ubulk" 1139
"C:/Users/jaedo/git stuff/2025/Team-2-GD2/ChickenGame/Content/ChickenGame/Audio/Chicken/Scream.uasset" 1140
"C:/Users/jaedo/git stuff/2025/Team-2-GD2/ChickenGame/Content/ChickenGame/Audio/Chicken/Scream.uexp" 1141
"C:/Users/jaedo/git stuff/2025/Team-2-GD2/ChickenGame/Content/StarterContent/Audio/Starter_Wind06.ubulk" 1142
"C:/Users/jaedo/git stuff/2025/Team-2-GD2/ChickenGame/Content/StarterContent/Audio/Starter_Wind06.uasset" 1143
"C:/Users/jaedo/git stuff/2025/Team-2-GD2/ChickenGame/Content/StarterContent/Audio/Starter_Wind06.uexp" 1144
"C:/Users/jaedo/git stuff/2025/Team-2-GD2/ChickenGame/Content/ChickenGame/Audio/Chicken/Hurt_1.ubulk" 1145
"C:/Users/jaedo/git stuff/2025/Team-2-GD2/ChickenGame/Content/ChickenGame/Audio/Chicken/Hurt_1.uasset" 1146
"C:/Users/jaedo/git stuff/2025/Team-2-GD2/ChickenGame/Content/ChickenGame/Audio/Chicken/Hurt_1.uexp" 1147
"C:/Users/jaedo/git stuff/2025/Team-2-GD2/ChickenGame/Content/ChickenGame/Audio/Chicken/Hurt_2.ubulk" 1148
"C:/Users/jaedo/git stuff/2025/Team-2-GD2/ChickenGame/Content/ChickenGame/Audio/Chicken/Hurt_2.uasset" 1149
"C:/Users/jaedo/git stuff/2025/Team-2-GD2/ChickenGame/Content/ChickenGame/Audio/Chicken/Hurt_2.uexp" 1150
"C:/Users/jaedo/git stuff/2025/Team-2-GD2/ChickenGame/Content/ChickenGame/Audio/Raccon/RacconSpotted.ubulk" 1151
"C:/Users/jaedo/git stuff/2025/Team-2-GD2/ChickenGame/Content/ChickenGame/Audio/Raccon/RacconSpotted.uasset" 1152
"C:/Users/jaedo/git stuff/2025/Team-2-GD2/ChickenGame/Content/ChickenGame/Audio/Raccon/RacconSpotted.uexp" 1153
"C:/Users/jaedo/git stuff/2025/Team-2-GD2/ChickenGame/Content/ChickenGame/Audio/Raccon/RacconAttack.ubulk" 1154
"C:/Users/jaedo/git stuff/2025/Team-2-GD2/ChickenGame/Content/ChickenGame/Audio/Raccon/RacconAttack.uasset" 1155
"C:/Users/jaedo/git stuff/2025/Team-2-GD2/ChickenGame/Content/ChickenGame/Audio/Raccon/RacconAttack.uexp" 1156
"C:/Users/jaedo/git stuff/2025/Team-2-GD2/ChickenGame/Content/ChickenGame/ImportedModels/Raccoon/racoon_texture_0.ubulk" 1157
"C:/Users/jaedo/git stuff/2025/Team-2-GD2/ChickenGame/Content/ChickenGame/ImportedModels/Raccoon/racoon_texture_0.uasset" 1158
"C:/Users/jaedo/git stuff/2025/Team-2-GD2/ChickenGame/Content/ChickenGame/ImportedModels/Raccoon/racoon_texture_0.uexp" 1159
"C:/Users/jaedo/git stuff/2025/Team-2-GD2/ChickenGame/Content/ChickenGame/ImportedModels/Raccoon/racconn_001.uasset" 1160
"C:/Users/jaedo/git stuff/2025/Team-2-GD2/ChickenGame/Content/ChickenGame/ImportedModels/Raccoon/racconn_001.uexp" 1161
"C:/Users/jaedo/git stuff/2025/Team-2-GD2/ChickenGame/Content/ChickenGame/ImportedModels/Raccoon/racoon.ubulk" 1162
"C:/Users/jaedo/git stuff/2025/Team-2-GD2/ChickenGame/Content/ChickenGame/ImportedModels/Raccoon/racoon.uasset" 1163
"C:/Users/jaedo/git stuff/2025/Team-2-GD2/ChickenGame/Content/ChickenGame/ImportedModels/Raccoon/racoon.uexp" 1164
"C:/Users/jaedo/git stuff/2025/Team-2-GD2/ChickenGame/Content/Imported/VFX/Realistic_Starter_VFX_Pack_Vol2/Textures/T_Smoke_B.ubulk" 1165
"C:/Users/jaedo/git stuff/2025/Team-2-GD2/ChickenGame/Content/Imported/VFX/Realistic_Starter_VFX_Pack_Vol2/Textures/T_Smoke_B.uasset" 1166
"C:/Users/jaedo/git stuff/2025/Team-2-GD2/ChickenGame/Content/Imported/VFX/Realistic_Starter_VFX_Pack_Vol2/Textures/T_Smoke_B.uexp" 1167
"C:/Users/jaedo/git stuff/2025/Team-2-GD2/ChickenGame/Content/Imported/VFX/Realistic_Starter_VFX_Pack_Vol2/Materials/M_Smoke_A.uasset" 1168
"C:/Users/jaedo/git stuff/2025/Team-2-GD2/ChickenGame/Content/Imported/VFX/Realistic_Starter_VFX_Pack_Vol2/Materials/M_Smoke_A.uexp" 1169
"C:/Users/jaedo/git stuff/2025/Team-2-GD2/ChickenGame/Content/Imported/VFX/Smoke_explotion_enemy1.uasset" 1170
"C:/Users/jaedo/git stuff/2025/Team-2-GD2/ChickenGame/Content/Imported/VFX/Smoke_explotion_enemy1.uexp" 1171
"C:/Users/jaedo/git stuff/2025/Team-2-GD2/ChickenGame/Content/Audio/FX/Cantaloupe/Cantaloupe_Gore2.ubulk" 1172
"C:/Users/jaedo/git stuff/2025/Team-2-GD2/ChickenGame/Content/Audio/FX/Cantaloupe/Cantaloupe_Gore2.uasset" 1173
"C:/Users/jaedo/git stuff/2025/Team-2-GD2/ChickenGame/Content/Audio/FX/Cantaloupe/Cantaloupe_Gore2.uexp" 1174
"C:/Users/jaedo/git stuff/2025/Team-2-GD2/ChickenGame/Content/ChickenGame/Audio/Raccon/RacconDeath.ubulk" 1175
"C:/Users/jaedo/git stuff/2025/Team-2-GD2/ChickenGame/Content/ChickenGame/Audio/Raccon/RacconDeath.uasset" 1176
"C:/Users/jaedo/git stuff/2025/Team-2-GD2/ChickenGame/Content/ChickenGame/Audio/Raccon/RacconDeath.uexp" 1177
"C:/Users/jaedo/git stuff/2025/Team-2-GD2/ChickenGame/Content/BluePrints/Enemys/BP_EnemyCharacter.uasset" 1178
"C:/Users/jaedo/git stuff/2025/Team-2-GD2/ChickenGame/Content/BluePrints/Enemys/BP_EnemyCharacter.uexp" 1179
"C:/Users/jaedo/git stuff/2025/Team-2-GD2/ChickenGame/Content/ChickenGame/UI_Elements/Egg_Icon.uasset" 1180
"C:/Users/jaedo/git stuff/2025/Team-2-GD2/ChickenGame/Content/ChickenGame/UI_Elements/Egg_Icon.uexp" 1181
"C:/Users/jaedo/git stuff/2025/Team-2-GD2/ChickenGame/Content/ChickenGame/UI_Elements/Chicken_Unhealthy.uasset" 1182
"C:/Users/jaedo/git stuff/2025/Team-2-GD2/ChickenGame/Content/ChickenGame/UI_Elements/Chicken_Unhealthy.uexp" 1183
"C:/Users/jaedo/git stuff/2025/Team-2-GD2/ChickenGame/Content/ChickenGame/UI_Elements/Kernel_Icon.uasset" 1184
"C:/Users/jaedo/git stuff/2025/Team-2-GD2/ChickenGame/Content/ChickenGame/UI_Elements/Kernel_Icon.uexp" 1185
"C:/Users/jaedo/git stuff/2025/Team-2-GD2/ChickenGame/Content/ChickenGame/UI_Elements/Chicken_Healthy.uasset" 1186
"C:/Users/jaedo/git stuff/2025/Team-2-GD2/ChickenGame/Content/ChickenGame/UI_Elements/Chicken_Healthy.uexp" 1187
"C:/Users/jaedo/git stuff/2025/Team-2-GD2/ChickenGame/Content/ChickenGame/UI_Elements/Chicken_Hurt.uasset" 1188
"C:/Users/jaedo/git stuff/2025/Team-2-GD2/ChickenGame/Content/ChickenGame/UI_Elements/Chicken_Hurt.uexp" 1189
"C:/Users/jaedo/git stuff/2025/Team-2-GD2/ChickenGame/Content/ChickenGame/Widgets/LevelHUD.uasset" 1190
"C:/Users/jaedo/git stuff/2025/Team-2-GD2/ChickenGame/Content/ChickenGame/Widgets/LevelHUD.uexp" 1191
"C:/Users/jaedo/git stuff/2025/Team-2-GD2/ChickenGame/Content/ChickenGame/Audio/Music/Harmonica_lose_sound.ubulk" 1192
"C:/Users/jaedo/git stuff/2025/Team-2-GD2/ChickenGame/Content/ChickenGame/Audio/Music/Harmonica_lose_sound.uasset" 1193
"C:/Users/jaedo/git stuff/2025/Team-2-GD2/ChickenGame/Content/ChickenGame/Audio/Music/Harmonica_lose_sound.uexp" 1194
"C:/Users/jaedo/git stuff/2025/Team-2-GD2/ChickenGame/Content/ChickenGame/ImportedModels/ChickenCharacterAttempt2/chicken_color.ubulk" 1195
"C:/Users/jaedo/git stuff/2025/Team-2-GD2/ChickenGame/Content/ChickenGame/ImportedModels/ChickenCharacterAttempt2/chicken_color.uasset" 1196
"C:/Users/jaedo/git stuff/2025/Team-2-GD2/ChickenGame/Content/ChickenGame/ImportedModels/ChickenCharacterAttempt2/chicken_color.uexp" 1197
"C:/Users/jaedo/git stuff/2025/Team-2-GD2/ChickenGame/Content/ChickenGame/ImportedModels/ChickenCharacterAttempt2/chicken_normal.ubulk" 1198
"C:/Users/jaedo/git stuff/2025/Team-2-GD2/ChickenGame/Content/ChickenGame/ImportedModels/ChickenCharacterAttempt2/chicken_normal.uasset" 1199
"C:/Users/jaedo/git stuff/2025/Team-2-GD2/ChickenGame/Content/ChickenGame/ImportedModels/ChickenCharacterAttempt2/chicken_normal.uexp" 1200
"C:/Users/jaedo/git stuff/2025/Team-2-GD2/ChickenGame/Content/ChickenGame/ImportedModels/ChickenCharacterAttempt2/Material.uasset" 1201
"C:/Users/jaedo/git stuff/2025/Team-2-GD2/ChickenGame/Content/ChickenGame/ImportedModels/ChickenCharacterAttempt2/Material.uexp" 1202
"C:/Users/jaedo/git stuff/2025/Team-2-GD2/ChickenGame/Content/ChickenGame/ImportedModels/ChickenCharacterAttempt2/chicken_root.ubulk" 1203
"C:/Users/jaedo/git stuff/2025/Team-2-GD2/ChickenGame/Content/ChickenGame/ImportedModels/ChickenCharacterAttempt2/chicken_root.uasset" 1204
"C:/Users/jaedo/git stuff/2025/Team-2-GD2/ChickenGame/Content/ChickenGame/ImportedModels/ChickenCharacterAttempt2/chicken_root.uexp" 1205
"C:/Users/jaedo/git stuff/2025/Team-2-GD2/ChickenGame/Content/BluePrints/Collectables/BP_ExtraLife.uasset" 1206
"C:/Users/jaedo/git stuff/2025/Team-2-GD2/ChickenGame/Content/BluePrints/Collectables/BP_ExtraLife.uexp" 1207
"C:/Users/jaedo/git stuff/2025/Team-2-GD2/ChickenGame/Content/Imported/VFX/Smoke_Step.uasset" 1208
"C:/Users/jaedo/git stuff/2025/Team-2-GD2/ChickenGame/Content/Imported/VFX/Smoke_Step.uexp" 1209
"C:/Users/jaedo/git stuff/2025/Team-2-GD2/ChickenGame/Content/ChickenGame/Audio/Chicken/Kek-1.ubulk" 1210
"C:/Users/jaedo/git stuff/2025/Team-2-GD2/ChickenGame/Content/ChickenGame/Audio/Chicken/Kek-1.uasset" 1211
"C:/Users/jaedo/git stuff/2025/Team-2-GD2/ChickenGame/Content/ChickenGame/Audio/Chicken/Kek-1.uexp" 1212
"C:/Users/jaedo/git stuff/2025/Team-2-GD2/ChickenGame/Content/ChickenGame/Audio/Chicken/Kek-2.ubulk" 1213
"C:/Users/jaedo/git stuff/2025/Team-2-GD2/ChickenGame/Content/ChickenGame/Audio/Chicken/Kek-2.uasset" 1214
"C:/Users/jaedo/git stuff/2025/Team-2-GD2/ChickenGame/Content/ChickenGame/Audio/Chicken/Kek-2.uexp" 1215
"C:/Users/jaedo/git stuff/2025/Team-2-GD2/ChickenGame/Content/ChickenGame/Audio/Chicken/Kek_Cue.uasset" 1216
"C:/Users/jaedo/git stuff/2025/Team-2-GD2/ChickenGame/Content/ChickenGame/Audio/Chicken/Kek_Cue.uexp" 1217
"C:/Users/jaedo/git stuff/2025/Team-2-GD2/ChickenGame/Content/ThirdPerson/Input/Actions/IA_Jump.uasset" 1218
"C:/Users/jaedo/git stuff/2025/Team-2-GD2/ChickenGame/Content/ThirdPerson/Input/Actions/IA_Jump.uexp" 1219
"C:/Users/jaedo/git stuff/2025/Team-2-GD2/ChickenGame/Content/ThirdPerson/Input/Actions/IA_Look.uasset" 1220
"C:/Users/jaedo/git stuff/2025/Team-2-GD2/ChickenGame/Content/ThirdPerson/Input/Actions/IA_Look.uexp" 1221
"C:/Users/jaedo/git stuff/2025/Team-2-GD2/ChickenGame/Content/ThirdPerson/Input/Actions/IA_Move.uasset" 1222
"C:/Users/jaedo/git stuff/2025/Team-2-GD2/ChickenGame/Content/ThirdPerson/Input/Actions/IA_Move.uexp" 1223
"C:/Users/jaedo/git stuff/2025/Team-2-GD2/ChickenGame/Content/ThirdPerson/Input/IMC_Default.uasset" 1224
"C:/Users/jaedo/git stuff/2025/Team-2-GD2/ChickenGame/Content/ThirdPerson/Input/IMC_Default.uexp" 1225
"C:/Users/jaedo/git stuff/2025/Team-2-GD2/ChickenGame/Content/Imported/VFX/Feather_Hurt.uasset" 1226
"C:/Users/jaedo/git stuff/2025/Team-2-GD2/ChickenGame/Content/Imported/VFX/Feather_Hurt.uexp" 1227
"C:/Users/jaedo/git stuff/2025/Team-2-GD2/ChickenGame/Content/Characters/Mannequins/Meshes/SK_Mannequin.uasset" 1228
"C:/Users/jaedo/git stuff/2025/Team-2-GD2/ChickenGame/Content/Characters/Mannequins/Meshes/SK_Mannequin.uexp" 1229
"../../../Engine/Content/Animation/DefaultAnimCurveCompressionSettings.uasset" 1230
"../../../Engine/Content/Animation/DefaultAnimCurveCompressionSettings.uexp" 1231
"../../../Engine/Content/Animation/DefaultAnimBoneCompressionSettings.uasset" 1232
"../../../Engine/Content/Animation/DefaultAnimBoneCompressionSettings.uexp" 1233
"C:/Users/jaedo/git stuff/2025/Team-2-GD2/ChickenGame/Content/Characters/Mannequins/Animations/Quinn/MF_Run_Fwd.uasset" 1234
"C:/Users/jaedo/git stuff/2025/Team-2-GD2/ChickenGame/Content/Characters/Mannequins/Animations/Quinn/MF_Run_Fwd.uexp" 1235
"C:/Users/jaedo/git stuff/2025/Team-2-GD2/ChickenGame/Content/Characters/Mannequins/Animations/Quinn/MF_Walk_Fwd.uasset" 1236
"C:/Users/jaedo/git stuff/2025/Team-2-GD2/ChickenGame/Content/Characters/Mannequins/Animations/Quinn/MF_Walk_Fwd.uexp" 1237
"../../../Engine/Content/Animation/DefaultRecorderBoneCompression.uasset" 1238
"../../../Engine/Content/Animation/DefaultRecorderBoneCompression.uexp" 1239
"C:/Users/jaedo/git stuff/2025/Team-2-GD2/ChickenGame/Content/Characters/Mannequins/Animations/Manny/MM_Walk_InPlace.uasset" 1240
"C:/Users/jaedo/git stuff/2025/Team-2-GD2/ChickenGame/Content/Characters/Mannequins/Animations/Manny/MM_Walk_InPlace.uexp" 1241
"C:/Users/jaedo/git stuff/2025/Team-2-GD2/ChickenGame/Content/Characters/Mannequins/Animations/Quinn/BS_MF_Unarmed_WalkRun.uasset" 1242
"C:/Users/jaedo/git stuff/2025/Team-2-GD2/ChickenGame/Content/Characters/Mannequins/Animations/Quinn/BS_MF_Unarmed_WalkRun.uexp" 1243
"C:/Users/jaedo/git stuff/2025/Team-2-GD2/ChickenGame/Content/Characters/Mannequins/Animations/Quinn/MF_Idle.uasset" 1244
"C:/Users/jaedo/git stuff/2025/Team-2-GD2/ChickenGame/Content/Characters/Mannequins/Animations/Quinn/MF_Idle.uexp" 1245
"../../../Engine/Content/Animation/DefaultVariableFrameStrippingSettings.uasset" 1246
"../../../Engine/Content/Animation/DefaultVariableFrameStrippingSettings.uexp" 1247
"C:/Users/jaedo/git stuff/2025/Team-2-GD2/ChickenGame/Content/Characters/Mannequins/Animations/Manny/MM_Fall_Loop.uasset" 1248
"C:/Users/jaedo/git stuff/2025/Team-2-GD2/ChickenGame/Content/Characters/Mannequins/Animations/Manny/MM_Fall_Loop.uexp" 1249
"C:/Users/jaedo/git stuff/2025/Team-2-GD2/ChickenGame/Content/Characters/Mannequins/Animations/Manny/MM_Jump.uasset" 1250
"C:/Users/jaedo/git stuff/2025/Team-2-GD2/ChickenGame/Content/Characters/Mannequins/Animations/Manny/MM_Jump.uexp" 1251
"../../../Engine/Plugins/Animation/ControlRig/Content/Controls/DefaultGizmoLibrary.uasset" 1252
"../../../Engine/Plugins/Animation/ControlRig/Content/Controls/DefaultGizmoLibrary.uexp" 1253
"C:/Users/jaedo/git stuff/2025/Team-2-GD2/ChickenGame/Content/Characters/Mannequins/Rigs/CR_Mannequin_BasicFootIK.uasset" 1254
"C:/Users/jaedo/git stuff/2025/Team-2-GD2/ChickenGame/Content/Characters/Mannequins/Rigs/CR_Mannequin_BasicFootIK.uexp" 1255
"C:/Users/jaedo/git stuff/2025/Team-2-GD2/ChickenGame/Content/Characters/Mannequins/Animations/Manny/MM_Run_Fwd.uasset" 1256
"C:/Users/jaedo/git stuff/2025/Team-2-GD2/ChickenGame/Content/Characters/Mannequins/Animations/Manny/MM_Run_Fwd.uexp" 1257
"C:/Users/jaedo/git stuff/2025/Team-2-GD2/ChickenGame/Content/Characters/Mannequins/Animations/Manny/MM_Walk_Fwd.uasset" 1258
"C:/Users/jaedo/git stuff/2025/Team-2-GD2/ChickenGame/Content/Characters/Mannequins/Animations/Manny/MM_Walk_Fwd.uexp" 1259
"C:/Users/jaedo/git stuff/2025/Team-2-GD2/ChickenGame/Content/Characters/Mannequins/Animations/Manny/BS_MM_WalkRun.uasset" 1260
"C:/Users/jaedo/git stuff/2025/Team-2-GD2/ChickenGame/Content/Characters/Mannequins/Animations/Manny/BS_MM_WalkRun.uexp" 1261
"C:/Users/jaedo/git stuff/2025/Team-2-GD2/ChickenGame/Content/Characters/Mannequins/Animations/Manny/MM_Land.uasset" 1262
"C:/Users/jaedo/git stuff/2025/Team-2-GD2/ChickenGame/Content/Characters/Mannequins/Animations/Manny/MM_Land.uexp" 1263
"C:/Users/jaedo/git stuff/2025/Team-2-GD2/ChickenGame/Content/Characters/Mannequins/Animations/Manny/MM_Idle.uasset" 1264
"C:/Users/jaedo/git stuff/2025/Team-2-GD2/ChickenGame/Content/Characters/Mannequins/Animations/Manny/MM_Idle.uexp" 1265
"C:/Users/jaedo/git stuff/2025/Team-2-GD2/ChickenGame/Content/Characters/Mannequins/Animations/ABP_Manny.uasset" 1266
"C:/Users/jaedo/git stuff/2025/Team-2-GD2/ChickenGame/Content/Characters/Mannequins/Animations/ABP_Manny.uexp" 1267
"C:/Users/jaedo/git stuff/2025/Team-2-GD2/ChickenGame/Content/Characters/Mannequins/Animations/ABP_Quinn.uasset" 1268
"C:/Users/jaedo/git stuff/2025/Team-2-GD2/ChickenGame/Content/Characters/Mannequins/Animations/ABP_Quinn.uexp" 1269
"C:/Users/jaedo/git stuff/2025/Team-2-GD2/ChickenGame/Content/BluePrints/BP_CameraAnimationPlayer.uasset" 1270
"C:/Users/jaedo/git stuff/2025/Team-2-GD2/ChickenGame/Content/BluePrints/BP_CameraAnimationPlayer.uexp" 1271
"C:/Users/jaedo/git stuff/2025/Team-2-GD2/ChickenGame/Content/ChickenGame/Materials/Parent/M_vertexColor.uasset" 1272
"C:/Users/jaedo/git stuff/2025/Team-2-GD2/ChickenGame/Content/ChickenGame/Materials/Parent/M_vertexColor.uexp" 1273
"C:/Users/jaedo/git stuff/2025/Team-2-GD2/ChickenGame/Content/ChickenGame/Models/MI_VertexColor.uasset" 1274
"C:/Users/jaedo/git stuff/2025/Team-2-GD2/ChickenGame/Content/ChickenGame/Models/MI_VertexColor.uexp" 1275
"C:/Users/jaedo/git stuff/2025/Team-2-GD2/ChickenGame/Content/ChickenGame/Models/SM_CornKernal.ubulk" 1276
"C:/Users/jaedo/git stuff/2025/Team-2-GD2/ChickenGame/Content/ChickenGame/Models/SM_CornKernal.uasset" 1277
"C:/Users/jaedo/git stuff/2025/Team-2-GD2/ChickenGame/Content/ChickenGame/Models/SM_CornKernal.uexp" 1278
"C:/Users/jaedo/git stuff/2025/Team-2-GD2/ChickenGame/Content/ChickenGame/Audio/Chicken/CornEat2.ubulk" 1279
"C:/Users/jaedo/git stuff/2025/Team-2-GD2/ChickenGame/Content/ChickenGame/Audio/Chicken/CornEat2.uasset" 1280
"C:/Users/jaedo/git stuff/2025/Team-2-GD2/ChickenGame/Content/ChickenGame/Audio/Chicken/CornEat2.uexp" 1281
"C:/Users/jaedo/git stuff/2025/Team-2-GD2/ChickenGame/Content/BluePrints/Collectables/BP_Coin.uasset" 1282
"C:/Users/jaedo/git stuff/2025/Team-2-GD2/ChickenGame/Content/BluePrints/Collectables/BP_Coin.uexp" 1283
"C:/Users/jaedo/git stuff/2025/Team-2-GD2/ChickenGame/Content/ChickenGame/Audio/Chicken/Surprised_1.ubulk" 1284
"C:/Users/jaedo/git stuff/2025/Team-2-GD2/ChickenGame/Content/ChickenGame/Audio/Chicken/Surprised_1.uasset" 1285
"C:/Users/jaedo/git stuff/2025/Team-2-GD2/ChickenGame/Content/ChickenGame/Audio/Chicken/Surprised_1.uexp" 1286
"C:/Users/jaedo/git stuff/2025/Team-2-GD2/ChickenGame/Content/ChickenGame/Audio/Chicken/Surprised_2.ubulk" 1287
"C:/Users/jaedo/git stuff/2025/Team-2-GD2/ChickenGame/Content/ChickenGame/Audio/Chicken/Surprised_2.uasset" 1288
"C:/Users/jaedo/git stuff/2025/Team-2-GD2/ChickenGame/Content/ChickenGame/Audio/Chicken/Surprised_2.uexp" 1289
"C:/Users/jaedo/git stuff/2025/Team-2-GD2/ChickenGame/Content/ChickenGame/Audio/Chicken/Suprised_cue.uasset" 1290
"C:/Users/jaedo/git stuff/2025/Team-2-GD2/ChickenGame/Content/ChickenGame/Audio/Chicken/Suprised_cue.uexp" 1291
"C:/Users/jaedo/git stuff/2025/Team-2-GD2/ChickenGame/Content/ChickenGame/Widgets/W_GameOver.uasset" 1292
"C:/Users/jaedo/git stuff/2025/Team-2-GD2/ChickenGame/Content/ChickenGame/Widgets/W_GameOver.uexp" 1293
"C:/Users/jaedo/git stuff/2025/Team-2-GD2/ChickenGame/Content/LevelPrototyping/Meshes/SM_Cube.ubulk" 1294
"C:/Users/jaedo/git stuff/2025/Team-2-GD2/ChickenGame/Content/LevelPrototyping/Meshes/SM_Cube.uasset" 1295
"C:/Users/jaedo/git stuff/2025/Team-2-GD2/ChickenGame/Content/LevelPrototyping/Meshes/SM_Cube.uexp" 1296
"C:/Users/jaedo/git stuff/2025/Team-2-GD2/ChickenGame/Content/BluePrints/BP_BOUNCY.uasset" 1297
"C:/Users/jaedo/git stuff/2025/Team-2-GD2/ChickenGame/Content/BluePrints/BP_BOUNCY.uexp" 1298
"../../../Engine/Content/Functions/Engine_MaterialFunctions01/Density/ExponentialDensity.uasset" 1299
"../../../Engine/Content/Functions/Engine_MaterialFunctions01/Density/ExponentialDensity.uexp" 1300
"../../../Engine/Content/Functions/Engine_MaterialFunctions01/Gradient/RadialGradientExponential.uasset" 1301
"../../../Engine/Content/Functions/Engine_MaterialFunctions01/Gradient/RadialGradientExponential.uexp" 1302
"C:/Users/jaedo/git stuff/2025/Team-2-GD2/ChickenGame/Content/ChickenGame/Materials/M_CircularFade.uasset" 1303
"C:/Users/jaedo/git stuff/2025/Team-2-GD2/ChickenGame/Content/ChickenGame/Materials/M_CircularFade.uexp" 1304
"C:/Users/jaedo/git stuff/2025/Team-2-GD2/ChickenGame/Content/ChickenGame/Widgets/W_CircularFade.uasset" 1305
"C:/Users/jaedo/git stuff/2025/Team-2-GD2/ChickenGame/Content/ChickenGame/Widgets/W_CircularFade.uexp" 1306
"C:/Users/jaedo/git stuff/2025/Team-2-GD2/ChickenGame/Content/ChickenGame/BluePrints/BP_ChickenPlayer.uasset" 1307
"C:/Users/jaedo/git stuff/2025/Team-2-GD2/ChickenGame/Content/ChickenGame/BluePrints/BP_ChickenPlayer.uexp" 1308
"C:/Users/jaedo/git stuff/2025/Team-2-GD2/ChickenGame/Content/BluePrints/BP_Checkpoint.uasset" 1309
"C:/Users/jaedo/git stuff/2025/Team-2-GD2/ChickenGame/Content/BluePrints/BP_Checkpoint.uexp" 1310
"C:/Users/jaedo/git stuff/2025/Team-2-GD2/ChickenGame/Content/ChickenGame/Audio/Music/BreakBeak.ubulk" 1311
"C:/Users/jaedo/git stuff/2025/Team-2-GD2/ChickenGame/Content/ChickenGame/Audio/Music/BreakBeak.uasset" 1312
"C:/Users/jaedo/git stuff/2025/Team-2-GD2/ChickenGame/Content/ChickenGame/Audio/Music/BreakBeak.uexp" 1313
"C:/Users/jaedo/git stuff/2025/Team-2-GD2/ChickenGame/Content/ChickenGame/ImportedModels/Truck/1938_vairogs_v8_flatbed_truck_ford_based_texture_0.ubulk" 1314
"C:/Users/jaedo/git stuff/2025/Team-2-GD2/ChickenGame/Content/ChickenGame/ImportedModels/Truck/1938_vairogs_v8_flatbed_truck_ford_based_texture_0.uasset" 1315
"C:/Users/jaedo/git stuff/2025/Team-2-GD2/ChickenGame/Content/ChickenGame/ImportedModels/Truck/1938_vairogs_v8_flatbed_truck_ford_based_texture_0.uexp" 1316
"C:/Users/jaedo/git stuff/2025/Team-2-GD2/ChickenGame/Content/ChickenGame/ImportedModels/Truck/1938_vairogs_v8_flatbed_truck_ford_based_texture_1.ubulk" 1317
"C:/Users/jaedo/git stuff/2025/Team-2-GD2/ChickenGame/Content/ChickenGame/ImportedModels/Truck/1938_vairogs_v8_flatbed_truck_ford_based_texture_1.uasset" 1318
"C:/Users/jaedo/git stuff/2025/Team-2-GD2/ChickenGame/Content/ChickenGame/ImportedModels/Truck/1938_vairogs_v8_flatbed_truck_ford_based_texture_1.uexp" 1319
"C:/Users/jaedo/git stuff/2025/Team-2-GD2/ChickenGame/Content/ChickenGame/ImportedModels/Truck/van_paint_2.uasset" 1320
"C:/Users/jaedo/git stuff/2025/Team-2-GD2/ChickenGame/Content/ChickenGame/ImportedModels/Truck/van_paint_2.uexp" 1321
"C:/Users/jaedo/git stuff/2025/Team-2-GD2/ChickenGame/Content/ChickenGame/ImportedModels/Truck/Cube_016_van_paint_2_0.ubulk" 1322
"C:/Users/jaedo/git stuff/2025/Team-2-GD2/ChickenGame/Content/ChickenGame/ImportedModels/Truck/Cube_016_van_paint_2_0.uasset" 1323
"C:/Users/jaedo/git stuff/2025/Team-2-GD2/ChickenGame/Content/ChickenGame/ImportedModels/Truck/Cube_016_van_paint_2_0.uexp" 1324
"C:/Users/jaedo/git stuff/2025/Team-2-GD2/ChickenGame/Content/ChickenGame/Materials/Textures/WoodBoards/T_WoodBoards_N.ubulk" 1325
"C:/Users/jaedo/git stuff/2025/Team-2-GD2/ChickenGame/Content/ChickenGame/Materials/Textures/WoodBoards/T_WoodBoards_N.uasset" 1326
"C:/Users/jaedo/git stuff/2025/Team-2-GD2/ChickenGame/Content/ChickenGame/Materials/Textures/WoodBoards/T_WoodBoards_N.uexp" 1327
"C:/Users/jaedo/git stuff/2025/Team-2-GD2/ChickenGame/Content/ChickenGame/Materials/Textures/WoodBoards/T_WoodBoards_AoRM.ubulk" 1328
"C:/Users/jaedo/git stuff/2025/Team-2-GD2/ChickenGame/Content/ChickenGame/Materials/Textures/WoodBoards/T_WoodBoards_AoRM.uasset" 1329
"C:/Users/jaedo/git stuff/2025/Team-2-GD2/ChickenGame/Content/ChickenGame/Materials/Textures/WoodBoards/T_WoodBoards_AoRM.uexp" 1330
"C:/Users/jaedo/git stuff/2025/Team-2-GD2/ChickenGame/Content/ChickenGame/Materials/Textures/WoodBoards/T_WoodBoards_D.ubulk" 1331
"C:/Users/jaedo/git stuff/2025/Team-2-GD2/ChickenGame/Content/ChickenGame/Materials/Textures/WoodBoards/T_WoodBoards_D.uasset" 1332
"C:/Users/jaedo/git stuff/2025/Team-2-GD2/ChickenGame/Content/ChickenGame/Materials/Textures/WoodBoards/T_WoodBoards_D.uexp" 1333
"C:/Users/jaedo/git stuff/2025/Team-2-GD2/ChickenGame/Content/ChickenGame/Materials/Textures/WoodBoards/T_WoodBoardsBW_D.ubulk" 1334
"C:/Users/jaedo/git stuff/2025/Team-2-GD2/ChickenGame/Content/ChickenGame/Materials/Textures/WoodBoards/T_WoodBoardsBW_D.uasset" 1335
"C:/Users/jaedo/git stuff/2025/Team-2-GD2/ChickenGame/Content/ChickenGame/Materials/Textures/WoodBoards/T_WoodBoardsBW_D.uexp" 1336
"C:/Users/jaedo/git stuff/2025/Team-2-GD2/ChickenGame/Content/ChickenGame/Materials/MaterialsForModels/MI_Walls1.uasset" 1337
"C:/Users/jaedo/git stuff/2025/Team-2-GD2/ChickenGame/Content/ChickenGame/Materials/MaterialsForModels/MI_Walls1.uexp" 1338
"C:/Users/jaedo/git stuff/2025/Team-2-GD2/ChickenGame/Content/ChickenGame/Materials/MaterialsForModels/MI_Walls2.uasset" 1339
"C:/Users/jaedo/git stuff/2025/Team-2-GD2/ChickenGame/Content/ChickenGame/Materials/MaterialsForModels/MI_Walls2.uexp" 1340
"C:/Users/jaedo/git stuff/2025/Team-2-GD2/ChickenGame/Content/ChickenGame/Materials/Textures/Woodish/T_Woodish_AoRM.ubulk" 1341
"C:/Users/jaedo/git stuff/2025/Team-2-GD2/ChickenGame/Content/ChickenGame/Materials/Textures/Woodish/T_Woodish_AoRM.uasset" 1342
"C:/Users/jaedo/git stuff/2025/Team-2-GD2/ChickenGame/Content/ChickenGame/Materials/Textures/Woodish/T_Woodish_AoRM.uexp" 1343
"C:/Users/jaedo/git stuff/2025/Team-2-GD2/ChickenGame/Content/ChickenGame/Materials/Textures/Woodish/T_Woodish_N.ubulk" 1344
"C:/Users/jaedo/git stuff/2025/Team-2-GD2/ChickenGame/Content/ChickenGame/Materials/Textures/Woodish/T_Woodish_N.uasset" 1345
"C:/Users/jaedo/git stuff/2025/Team-2-GD2/ChickenGame/Content/ChickenGame/Materials/Textures/Woodish/T_Woodish_N.uexp" 1346
"C:/Users/jaedo/git stuff/2025/Team-2-GD2/ChickenGame/Content/ChickenGame/Materials/Textures/Woodish/T_WoodishBW_D_copy.ubulk" 1347
"C:/Users/jaedo/git stuff/2025/Team-2-GD2/ChickenGame/Content/ChickenGame/Materials/Textures/Woodish/T_WoodishBW_D_copy.uasset" 1348
"C:/Users/jaedo/git stuff/2025/Team-2-GD2/ChickenGame/Content/ChickenGame/Materials/Textures/Woodish/T_WoodishBW_D_copy.uexp" 1349
"C:/Users/jaedo/git stuff/2025/Team-2-GD2/ChickenGame/Content/ChickenGame/Materials/MaterialsForModels/Walls4.uasset" 1350
"C:/Users/jaedo/git stuff/2025/Team-2-GD2/ChickenGame/Content/ChickenGame/Materials/MaterialsForModels/Walls4.uexp" 1351
"C:/Users/jaedo/git stuff/2025/Team-2-GD2/ChickenGame/Content/ChickenGame/Materials/Textures/Decals/T_Bounce.ubulk" 1352
"C:/Users/jaedo/git stuff/2025/Team-2-GD2/ChickenGame/Content/ChickenGame/Materials/Textures/Decals/T_Bounce.uasset" 1353
"C:/Users/jaedo/git stuff/2025/Team-2-GD2/ChickenGame/Content/ChickenGame/Materials/Textures/Decals/T_Bounce.uexp" 1354
"C:/Users/jaedo/git stuff/2025/Team-2-GD2/ChickenGame/Content/ChickenGame/Materials/Parent/M_Decal.uasset" 1355
"C:/Users/jaedo/git stuff/2025/Team-2-GD2/ChickenGame/Content/ChickenGame/Materials/Parent/M_Decal.uexp" 1356
"C:/Users/jaedo/git stuff/2025/Team-2-GD2/ChickenGame/Content/ChickenGame/Materials/Textures/Decals/T_Cross.ubulk" 1357
"C:/Users/jaedo/git stuff/2025/Team-2-GD2/ChickenGame/Content/ChickenGame/Materials/Textures/Decals/T_Cross.uasset" 1358
"C:/Users/jaedo/git stuff/2025/Team-2-GD2/ChickenGame/Content/ChickenGame/Materials/Textures/Decals/T_Cross.uexp" 1359
"C:/Users/jaedo/git stuff/2025/Team-2-GD2/ChickenGame/Content/ChickenGame/Materials/Decals/MI_Cross.uasset" 1360
"C:/Users/jaedo/git stuff/2025/Team-2-GD2/ChickenGame/Content/ChickenGame/Materials/Decals/MI_Cross.uexp" 1361
"C:/Users/jaedo/git stuff/2025/Team-2-GD2/ChickenGame/Content/ChickenGame/ImportedModels/Windmill/M_WWC-Metal-Chrome.uasset" 1362
"C:/Users/jaedo/git stuff/2025/Team-2-GD2/ChickenGame/Content/ChickenGame/ImportedModels/Windmill/M_WWC-Metal-Chrome.uexp" 1363
"C:/Users/jaedo/git stuff/2025/Team-2-GD2/ChickenGame/Content/ChickenGame/ImportedModels/Windmill/SM_DariaPR_WindMill_Chrome_M_WWC-Metal-Chrome_0.ubulk" 1364
"C:/Users/jaedo/git stuff/2025/Team-2-GD2/ChickenGame/Content/ChickenGame/ImportedModels/Windmill/SM_DariaPR_WindMill_Chrome_M_WWC-Metal-Chrome_0.uasset" 1365
"C:/Users/jaedo/git stuff/2025/Team-2-GD2/ChickenGame/Content/ChickenGame/ImportedModels/Windmill/SM_DariaPR_WindMill_Chrome_M_WWC-Metal-Chrome_0.uexp" 1366
"C:/Users/jaedo/git stuff/2025/Team-2-GD2/ChickenGame/Content/ChickenGame/Materials/Textures/Concrete/T_PainterlyConcrete_D.ubulk" 1367
"C:/Users/jaedo/git stuff/2025/Team-2-GD2/ChickenGame/Content/ChickenGame/Materials/Textures/Concrete/T_PainterlyConcrete_D.uasset" 1368
"C:/Users/jaedo/git stuff/2025/Team-2-GD2/ChickenGame/Content/ChickenGame/Materials/Textures/Concrete/T_PainterlyConcrete_D.uexp" 1369
"C:/Users/jaedo/git stuff/2025/Team-2-GD2/ChickenGame/Content/ChickenGame/Materials/Textures/Concrete/T_PainterlyConcrete_AoRM.ubulk" 1370
"C:/Users/jaedo/git stuff/2025/Team-2-GD2/ChickenGame/Content/ChickenGame/Materials/Textures/Concrete/T_PainterlyConcrete_AoRM.uasset" 1371
"C:/Users/jaedo/git stuff/2025/Team-2-GD2/ChickenGame/Content/ChickenGame/Materials/Textures/Concrete/T_PainterlyConcrete_AoRM.uexp" 1372
"C:/Users/jaedo/git stuff/2025/Team-2-GD2/ChickenGame/Content/ChickenGame/Materials/Textures/Concrete/T_PainterlyConcreteBW_D.ubulk" 1373
"C:/Users/jaedo/git stuff/2025/Team-2-GD2/ChickenGame/Content/ChickenGame/Materials/Textures/Concrete/T_PainterlyConcreteBW_D.uasset" 1374
"C:/Users/jaedo/git stuff/2025/Team-2-GD2/ChickenGame/Content/ChickenGame/Materials/Textures/Concrete/T_PainterlyConcreteBW_D.uexp" 1375
"C:/Users/jaedo/git stuff/2025/Team-2-GD2/ChickenGame/Content/ChickenGame/Materials/Textures/Concrete/T_PainterlyConcrete_N.ubulk" 1376
"C:/Users/jaedo/git stuff/2025/Team-2-GD2/ChickenGame/Content/ChickenGame/Materials/Textures/Concrete/T_PainterlyConcrete_N.uasset" 1377
"C:/Users/jaedo/git stuff/2025/Team-2-GD2/ChickenGame/Content/ChickenGame/Materials/Textures/Concrete/T_PainterlyConcrete_N.uexp" 1378
"C:/Users/jaedo/git stuff/2025/Team-2-GD2/ChickenGame/Content/ChickenGame/Materials/MaterialsForModels/MI_Barnfloor2.uasset" 1379
"C:/Users/jaedo/git stuff/2025/Team-2-GD2/ChickenGame/Content/ChickenGame/Materials/MaterialsForModels/MI_Barnfloor2.uexp" 1380
"C:/Users/jaedo/git stuff/2025/Team-2-GD2/ChickenGame/Content/Imported/VFX/NS_Leaves.uasset" 1381
"C:/Users/jaedo/git stuff/2025/Team-2-GD2/ChickenGame/Content/Imported/VFX/NS_Leaves.uexp" 1382
"C:/Users/jaedo/git stuff/2025/Team-2-GD2/ChickenGame/Content/LevelPrototyping/Meshes/SM_Cylinder.ubulk" 1383
"C:/Users/jaedo/git stuff/2025/Team-2-GD2/ChickenGame/Content/LevelPrototyping/Meshes/SM_Cylinder.uasset" 1384
"C:/Users/jaedo/git stuff/2025/Team-2-GD2/ChickenGame/Content/LevelPrototyping/Meshes/SM_Cylinder.uexp" 1385
"C:/Users/jaedo/git stuff/2025/Team-2-GD2/ChickenGame/Content/LevelPrototyping/Meshes/SM_QuarterCylinder.ubulk" 1386
"C:/Users/jaedo/git stuff/2025/Team-2-GD2/ChickenGame/Content/LevelPrototyping/Meshes/SM_QuarterCylinder.uasset" 1387
"C:/Users/jaedo/git stuff/2025/Team-2-GD2/ChickenGame/Content/LevelPrototyping/Meshes/SM_QuarterCylinder.uexp" 1388
"C:/Users/jaedo/git stuff/2025/Team-2-GD2/ChickenGame/Content/Imported/VFX/Materials/M_FXAnimal.uasset" 1389
"C:/Users/jaedo/git stuff/2025/Team-2-GD2/ChickenGame/Content/Imported/VFX/Materials/M_FXAnimal.uexp" 1390
"C:/Users/jaedo/git stuff/2025/Team-2-GD2/ChickenGame/Content/Imported/VFX/Materials/MI_Bird.uasset" 1391
"C:/Users/jaedo/git stuff/2025/Team-2-GD2/ChickenGame/Content/Imported/VFX/Materials/MI_Bird.uexp" 1392
"C:/Users/jaedo/git stuff/2025/Team-2-GD2/ChickenGame/Content/Imported/VFX/Models/SM_FX_Bird.ubulk" 1393
"C:/Users/jaedo/git stuff/2025/Team-2-GD2/ChickenGame/Content/Imported/VFX/Models/SM_FX_Bird.uasset" 1394
"C:/Users/jaedo/git stuff/2025/Team-2-GD2/ChickenGame/Content/Imported/VFX/Models/SM_FX_Bird.uexp" 1395
"C:/Users/jaedo/git stuff/2025/Team-2-GD2/ChickenGame/Content/Imported/VFX/NS_Birds.uasset" 1396
"C:/Users/jaedo/git stuff/2025/Team-2-GD2/ChickenGame/Content/Imported/VFX/NS_Birds.uexp" 1397
"../../../Engine/Plugins/FX/Niagara/Content/VectorFields/Assets/TilingCurl16.uasset" 1398
"../../../Engine/Plugins/FX/Niagara/Content/VectorFields/Assets/TilingCurl16.uexp" 1399
"C:/Users/jaedo/git stuff/2025/Team-2-GD2/ChickenGame/Content/Imported/VFX/NS_WaterDrip.uasset" 1400
"C:/Users/jaedo/git stuff/2025/Team-2-GD2/ChickenGame/Content/Imported/VFX/NS_WaterDrip.uexp" 1401
"C:/Users/jaedo/git stuff/2025/Team-2-GD2/ChickenGame/Content/ChickenGame/Models/T_feather_DA.ubulk" 1402
"C:/Users/jaedo/git stuff/2025/Team-2-GD2/ChickenGame/Content/ChickenGame/Models/T_feather_DA.uasset" 1403
"C:/Users/jaedo/git stuff/2025/Team-2-GD2/ChickenGame/Content/ChickenGame/Models/T_feather_DA.uexp" 1404
"C:/Users/jaedo/git stuff/2025/Team-2-GD2/ChickenGame/Content/ChickenGame/Materials/Parent/M_DiffuseOnlyAlpha.uasset" 1405
"C:/Users/jaedo/git stuff/2025/Team-2-GD2/ChickenGame/Content/ChickenGame/Materials/Parent/M_DiffuseOnlyAlpha.uexp" 1406
"C:/Users/jaedo/git stuff/2025/Team-2-GD2/ChickenGame/Content/ChickenGame/Models/SM_Feather.ubulk" 1407
"C:/Users/jaedo/git stuff/2025/Team-2-GD2/ChickenGame/Content/ChickenGame/Models/SM_Feather.uasset" 1408
"C:/Users/jaedo/git stuff/2025/Team-2-GD2/ChickenGame/Content/ChickenGame/Models/SM_Feather.uexp" 1409
"C:/Users/jaedo/git stuff/2025/Team-2-GD2/ChickenGame/Content/BluePrints/BP_BounceVolume.uasset" 1410
"C:/Users/jaedo/git stuff/2025/Team-2-GD2/ChickenGame/Content/BluePrints/BP_BounceVolume.uexp" 1411
"C:/Users/jaedo/git stuff/2025/Team-2-GD2/ChickenGame/Content/ChickenGame/ImportedModels/Truck/Cube_072_van_paint_2_0.ubulk" 1412
"C:/Users/jaedo/git stuff/2025/Team-2-GD2/ChickenGame/Content/ChickenGame/ImportedModels/Truck/Cube_072_van_paint_2_0.uasset" 1413
"C:/Users/jaedo/git stuff/2025/Team-2-GD2/ChickenGame/Content/ChickenGame/ImportedModels/Truck/Cube_072_van_paint_2_0.uexp" 1414
"C:/Users/jaedo/git stuff/2025/Team-2-GD2/ChickenGame/Content/ChickenEscape/billboard/panneautexture.ubulk" 1415
"C:/Users/jaedo/git stuff/2025/Team-2-GD2/ChickenGame/Content/ChickenEscape/billboard/panneautexture.uasset" 1416
"C:/Users/jaedo/git stuff/2025/Team-2-GD2/ChickenGame/Content/ChickenEscape/billboard/panneautexture.uexp" 1417
"C:/Users/jaedo/git stuff/2025/Team-2-GD2/ChickenGame/Content/ChickenEscape/billboard/Material.uasset" 1418
"C:/Users/jaedo/git stuff/2025/Team-2-GD2/ChickenGame/Content/ChickenEscape/billboard/Material.uexp" 1419
"C:/Users/jaedo/git stuff/2025/Team-2-GD2/ChickenGame/Content/ChickenEscape/billboard/billboard.ubulk" 1420
"C:/Users/jaedo/git stuff/2025/Team-2-GD2/ChickenGame/Content/ChickenEscape/billboard/billboard.uasset" 1421
"C:/Users/jaedo/git stuff/2025/Team-2-GD2/ChickenGame/Content/ChickenEscape/billboard/billboard.uexp" 1422
"C:/Users/jaedo/git stuff/2025/Team-2-GD2/ChickenGame/Content/BluePrints/BP_HelpLift.uasset" 1423
"C:/Users/jaedo/git stuff/2025/Team-2-GD2/ChickenGame/Content/BluePrints/BP_HelpLift.uexp" 1424
"C:/Users/jaedo/git stuff/2025/Team-2-GD2/ChickenGame/Content/ChickenGame/ImportedModels/Truck/Cube_001_van_paint_2_0.ubulk" 1425
"C:/Users/jaedo/git stuff/2025/Team-2-GD2/ChickenGame/Content/ChickenGame/ImportedModels/Truck/Cube_001_van_paint_2_0.uasset" 1426
"C:/Users/jaedo/git stuff/2025/Team-2-GD2/ChickenGame/Content/ChickenGame/ImportedModels/Truck/Cube_001_van_paint_2_0.uexp" 1427
"C:/Users/jaedo/git stuff/2025/Team-2-GD2/ChickenGame/Content/ChickenGame/Models/SimpleLandscape.ubulk" 1428
"C:/Users/jaedo/git stuff/2025/Team-2-GD2/ChickenGame/Content/ChickenGame/Models/SimpleLandscape.uasset" 1429
"C:/Users/jaedo/git stuff/2025/Team-2-GD2/ChickenGame/Content/ChickenGame/Models/SimpleLandscape.uexp" 1430
"C:/Users/jaedo/git stuff/2025/Team-2-GD2/ChickenGame/Content/ChickenGame/ImportedModels/Windmill/M_WWC-Metal-Black.uasset" 1431
"C:/Users/jaedo/git stuff/2025/Team-2-GD2/ChickenGame/Content/ChickenGame/ImportedModels/Windmill/M_WWC-Metal-Black.uexp" 1432
"C:/Users/jaedo/git stuff/2025/Team-2-GD2/ChickenGame/Content/ChickenGame/ImportedModels/Windmill/SM_DariaPR_WindMill_Metal_M_WWC-Metal-Black_0.ubulk" 1433
"C:/Users/jaedo/git stuff/2025/Team-2-GD2/ChickenGame/Content/ChickenGame/ImportedModels/Windmill/SM_DariaPR_WindMill_Metal_M_WWC-Metal-Black_0.uasset" 1434
"C:/Users/jaedo/git stuff/2025/Team-2-GD2/ChickenGame/Content/ChickenGame/ImportedModels/Windmill/SM_DariaPR_WindMill_Metal_M_WWC-Metal-Black_0.uexp" 1435
"C:/Users/jaedo/git stuff/2025/Team-2-GD2/ChickenGame/Content/ChickenGame/Materials/MaterialsForModels/MI_Barnfloor01.uasset" 1436
"C:/Users/jaedo/git stuff/2025/Team-2-GD2/ChickenGame/Content/ChickenGame/Materials/MaterialsForModels/MI_Barnfloor01.uexp" 1437
"C:/Users/jaedo/git stuff/2025/Team-2-GD2/ChickenGame/Content/ChickenGame/Materials/MaterialsForModels/MI_Barnfloor3.uasset" 1438
"C:/Users/jaedo/git stuff/2025/Team-2-GD2/ChickenGame/Content/ChickenGame/Materials/MaterialsForModels/MI_Barnfloor3.uexp" 1439
"C:/Users/jaedo/git stuff/2025/Team-2-GD2/ChickenGame/Content/ChickenEscape/buildings/mirador_normal.ubulk" 1440
"C:/Users/jaedo/git stuff/2025/Team-2-GD2/ChickenGame/Content/ChickenEscape/buildings/mirador_normal.uasset" 1441
"C:/Users/jaedo/git stuff/2025/Team-2-GD2/ChickenGame/Content/ChickenEscape/buildings/mirador_normal.uexp" 1442
"C:/Users/jaedo/git stuff/2025/Team-2-GD2/ChickenGame/Content/ChickenEscape/buildings/mirador_color_png-mirador_alpha_png.ubulk" 1443
"C:/Users/jaedo/git stuff/2025/Team-2-GD2/ChickenGame/Content/ChickenEscape/buildings/mirador_color_png-mirador_alpha_png.uasset" 1444
"C:/Users/jaedo/git stuff/2025/Team-2-GD2/ChickenGame/Content/ChickenEscape/buildings/mirador_color_png-mirador_alpha_png.uexp" 1445
"C:/Users/jaedo/git stuff/2025/Team-2-GD2/ChickenGame/Content/ChickenEscape/buildings/Material_006.uasset" 1446
"C:/Users/jaedo/git stuff/2025/Team-2-GD2/ChickenGame/Content/ChickenEscape/buildings/Material_006.uexp" 1447
"C:/Users/jaedo/git stuff/2025/Team-2-GD2/ChickenGame/Content/ChickenEscape/buildings/mirador.ubulk" 1448
"C:/Users/jaedo/git stuff/2025/Team-2-GD2/ChickenGame/Content/ChickenEscape/buildings/mirador.uasset" 1449
"C:/Users/jaedo/git stuff/2025/Team-2-GD2/ChickenGame/Content/ChickenEscape/buildings/mirador.uexp" 1450
"C:/Users/jaedo/git stuff/2025/Team-2-GD2/ChickenGame/Content/ChickenEscape/fence/fencevariant.ubulk" 1451
"C:/Users/jaedo/git stuff/2025/Team-2-GD2/ChickenGame/Content/ChickenEscape/fence/fencevariant.uasset" 1452
"C:/Users/jaedo/git stuff/2025/Team-2-GD2/ChickenGame/Content/ChickenEscape/fence/fencevariant.uexp" 1453
"C:/Users/jaedo/git stuff/2025/Team-2-GD2/ChickenGame/Content/ChickenGame/Materials/Textures/Woodish/T_Woodish_D.ubulk" 1454
"C:/Users/jaedo/git stuff/2025/Team-2-GD2/ChickenGame/Content/ChickenGame/Materials/Textures/Woodish/T_Woodish_D.uasset" 1455
"C:/Users/jaedo/git stuff/2025/Team-2-GD2/ChickenGame/Content/ChickenGame/Materials/Textures/Woodish/T_Woodish_D.uexp" 1456
"C:/Users/jaedo/git stuff/2025/Team-2-GD2/ChickenGame/Content/ChickenGame/Materials/MaterialsForModels/MI_BarnRoof1.uasset" 1457
"C:/Users/jaedo/git stuff/2025/Team-2-GD2/ChickenGame/Content/ChickenGame/Materials/MaterialsForModels/MI_BarnRoof1.uexp" 1458
"C:/Users/jaedo/git stuff/2025/Team-2-GD2/ChickenGame/Content/ChickenEscape/fence/barbeles_normal.ubulk" 1459
"C:/Users/jaedo/git stuff/2025/Team-2-GD2/ChickenGame/Content/ChickenEscape/fence/barbeles_normal.uasset" 1460
"C:/Users/jaedo/git stuff/2025/Team-2-GD2/ChickenGame/Content/ChickenEscape/fence/barbeles_normal.uexp" 1461
"C:/Users/jaedo/git stuff/2025/Team-2-GD2/ChickenGame/Content/ChickenEscape/fence/barbeles_color_png-barbeles_alpha_png.ubulk" 1462
"C:/Users/jaedo/git stuff/2025/Team-2-GD2/ChickenGame/Content/ChickenEscape/fence/barbeles_color_png-barbeles_alpha_png.uasset" 1463
"C:/Users/jaedo/git stuff/2025/Team-2-GD2/ChickenGame/Content/ChickenEscape/fence/barbeles_color_png-barbeles_alpha_png.uexp" 1464
"C:/Users/jaedo/git stuff/2025/Team-2-GD2/ChickenGame/Content/ChickenEscape/fence/barbemat.uasset" 1465
"C:/Users/jaedo/git stuff/2025/Team-2-GD2/ChickenGame/Content/ChickenEscape/fence/barbemat.uexp" 1466
"C:/Users/jaedo/git stuff/2025/Team-2-GD2/ChickenGame/Content/ChickenEscape/fence/Material.uasset" 1467
"C:/Users/jaedo/git stuff/2025/Team-2-GD2/ChickenGame/Content/ChickenEscape/fence/Material.uexp" 1468
"C:/Users/jaedo/git stuff/2025/Team-2-GD2/ChickenGame/Content/ChickenEscape/fence/fenceall.ubulk" 1469
"C:/Users/jaedo/git stuff/2025/Team-2-GD2/ChickenGame/Content/ChickenEscape/fence/fenceall.uasset" 1470
"C:/Users/jaedo/git stuff/2025/Team-2-GD2/ChickenGame/Content/ChickenEscape/fence/fenceall.uexp" 1471
"C:/Users/jaedo/git stuff/2025/Team-2-GD2/ChickenGame/Content/ChickenGame/Materials/M_Death.uasset" 1472
"C:/Users/jaedo/git stuff/2025/Team-2-GD2/ChickenGame/Content/ChickenGame/Materials/M_Death.uexp" 1473
"C:/Users/jaedo/git stuff/2025/Team-2-GD2/ChickenGame/Content/BluePrints/BP_InsaKillVolume.uasset" 1474
"C:/Users/jaedo/git stuff/2025/Team-2-GD2/ChickenGame/Content/BluePrints/BP_InsaKillVolume.uexp" 1475
"C:/Users/jaedo/git stuff/2025/Team-2-GD2/ChickenGame/Content/ChickenEscape/billboard/billboard_001.ubulk" 1476
"C:/Users/jaedo/git stuff/2025/Team-2-GD2/ChickenGame/Content/ChickenEscape/billboard/billboard_001.uasset" 1477
"C:/Users/jaedo/git stuff/2025/Team-2-GD2/ChickenGame/Content/ChickenEscape/billboard/billboard_001.uexp" 1478
"C:/Users/jaedo/git stuff/2025/Team-2-GD2/ChickenGame/Content/ChickenGame/BluePrints/BP_ThirdPersonCustom.uasset" 1479
"C:/Users/jaedo/git stuff/2025/Team-2-GD2/ChickenGame/Content/ChickenGame/BluePrints/BP_ThirdPersonCustom.uexp" 1480
"C:/Users/jaedo/git stuff/2025/Team-2-GD2/ChickenGame/Content/ChickenGame/ImportedModels/Truck/1938_vairogs_v8_flatbed_truck_ford_based_texture_11.ubulk" 1481
"C:/Users/jaedo/git stuff/2025/Team-2-GD2/ChickenGame/Content/ChickenGame/ImportedModels/Truck/1938_vairogs_v8_flatbed_truck_ford_based_texture_11.uasset" 1482
"C:/Users/jaedo/git stuff/2025/Team-2-GD2/ChickenGame/Content/ChickenGame/ImportedModels/Truck/1938_vairogs_v8_flatbed_truck_ford_based_texture_11.uexp" 1483
"C:/Users/jaedo/git stuff/2025/Team-2-GD2/ChickenGame/Content/ChickenGame/ImportedModels/Truck/1938_vairogs_v8_flatbed_truck_ford_based_texture_12.ubulk" 1484
"C:/Users/jaedo/git stuff/2025/Team-2-GD2/ChickenGame/Content/ChickenGame/ImportedModels/Truck/1938_vairogs_v8_flatbed_truck_ford_based_texture_12.uasset" 1485
"C:/Users/jaedo/git stuff/2025/Team-2-GD2/ChickenGame/Content/ChickenGame/ImportedModels/Truck/1938_vairogs_v8_flatbed_truck_ford_based_texture_12.uexp" 1486
"C:/Users/jaedo/git stuff/2025/Team-2-GD2/ChickenGame/Content/ChickenGame/ImportedModels/Truck/1938_vairogs_v8_flatbed_truck_ford_based_texture_13.ubulk" 1487
"C:/Users/jaedo/git stuff/2025/Team-2-GD2/ChickenGame/Content/ChickenGame/ImportedModels/Truck/1938_vairogs_v8_flatbed_truck_ford_based_texture_13.uasset" 1488
"C:/Users/jaedo/git stuff/2025/Team-2-GD2/ChickenGame/Content/ChickenGame/ImportedModels/Truck/1938_vairogs_v8_flatbed_truck_ford_based_texture_13.uexp" 1489
"C:/Users/jaedo/git stuff/2025/Team-2-GD2/ChickenGame/Content/ChickenGame/ImportedModels/Truck/planks.uasset" 1490
"C:/Users/jaedo/git stuff/2025/Team-2-GD2/ChickenGame/Content/ChickenGame/ImportedModels/Truck/planks.uexp" 1491
"C:/Users/jaedo/git stuff/2025/Team-2-GD2/ChickenGame/Content/ChickenGame/ImportedModels/Truck/Cube_016_planks_0.ubulk" 1492
"C:/Users/jaedo/git stuff/2025/Team-2-GD2/ChickenGame/Content/ChickenGame/ImportedModels/Truck/Cube_016_planks_0.uasset" 1493
"C:/Users/jaedo/git stuff/2025/Team-2-GD2/ChickenGame/Content/ChickenGame/ImportedModels/Truck/Cube_016_planks_0.uexp" 1494
"C:/Users/jaedo/git stuff/2025/Team-2-GD2/ChickenGame/Content/ChickenGame/ImportedModels/Truck/1938_vairogs_v8_flatbed_truck_ford_based_texture_15.ubulk" 1495
"C:/Users/jaedo/git stuff/2025/Team-2-GD2/ChickenGame/Content/ChickenGame/ImportedModels/Truck/1938_vairogs_v8_flatbed_truck_ford_based_texture_15.uasset" 1496
"C:/Users/jaedo/git stuff/2025/Team-2-GD2/ChickenGame/Content/ChickenGame/ImportedModels/Truck/1938_vairogs_v8_flatbed_truck_ford_based_texture_15.uexp" 1497
"C:/Users/jaedo/git stuff/2025/Team-2-GD2/ChickenGame/Content/ChickenGame/ImportedModels/Truck/1938_vairogs_v8_flatbed_truck_ford_based_texture_16.ubulk" 1498
"C:/Users/jaedo/git stuff/2025/Team-2-GD2/ChickenGame/Content/ChickenGame/ImportedModels/Truck/1938_vairogs_v8_flatbed_truck_ford_based_texture_16.uasset" 1499
"C:/Users/jaedo/git stuff/2025/Team-2-GD2/ChickenGame/Content/ChickenGame/ImportedModels/Truck/1938_vairogs_v8_flatbed_truck_ford_based_texture_16.uexp" 1500
"C:/Users/jaedo/git stuff/2025/Team-2-GD2/ChickenGame/Content/ChickenGame/ImportedModels/Truck/1938_vairogs_v8_flatbed_truck_ford_based_texture_17.ubulk" 1501
"C:/Users/jaedo/git stuff/2025/Team-2-GD2/ChickenGame/Content/ChickenGame/ImportedModels/Truck/1938_vairogs_v8_flatbed_truck_ford_based_texture_17.uasset" 1502
"C:/Users/jaedo/git stuff/2025/Team-2-GD2/ChickenGame/Content/ChickenGame/ImportedModels/Truck/1938_vairogs_v8_flatbed_truck_ford_based_texture_17.uexp" 1503
"C:/Users/jaedo/git stuff/2025/Team-2-GD2/ChickenGame/Content/ChickenGame/ImportedModels/Truck/wood.uasset" 1504
"C:/Users/jaedo/git stuff/2025/Team-2-GD2/ChickenGame/Content/ChickenGame/ImportedModels/Truck/wood.uexp" 1505
"C:/Users/jaedo/git stuff/2025/Team-2-GD2/ChickenGame/Content/ChickenGame/ImportedModels/Truck/Cube_016_wood_0.ubulk" 1506
"C:/Users/jaedo/git stuff/2025/Team-2-GD2/ChickenGame/Content/ChickenGame/ImportedModels/Truck/Cube_016_wood_0.uasset" 1507
"C:/Users/jaedo/git stuff/2025/Team-2-GD2/ChickenGame/Content/ChickenGame/ImportedModels/Truck/Cube_016_wood_0.uexp" 1508
"C:/Users/jaedo/git stuff/2025/Team-2-GD2/ChickenGame/Content/ChickenEscape/billboard/cautionlong.ubulk" 1509
"C:/Users/jaedo/git stuff/2025/Team-2-GD2/ChickenGame/Content/ChickenEscape/billboard/cautionlong.uasset" 1510
"C:/Users/jaedo/git stuff/2025/Team-2-GD2/ChickenGame/Content/ChickenEscape/billboard/cautionlong.uexp" 1511
"C:/Users/jaedo/git stuff/2025/Team-2-GD2/ChickenGame/Content/ChickenGame/Materials/Decals/MI_Bounce.uasset" 1512
"C:/Users/jaedo/git stuff/2025/Team-2-GD2/ChickenGame/Content/ChickenGame/Materials/Decals/MI_Bounce.uexp" 1513
"C:/Users/jaedo/git stuff/2025/Team-2-GD2/ChickenGame/Content/ChickenGame/Audio/Music/JungleFowl.ubulk" 1514
"C:/Users/jaedo/git stuff/2025/Team-2-GD2/ChickenGame/Content/ChickenGame/Audio/Music/JungleFowl.uasset" 1515
"C:/Users/jaedo/git stuff/2025/Team-2-GD2/ChickenGame/Content/ChickenGame/Audio/Music/JungleFowl.uexp" 1516
"C:/Users/jaedo/git stuff/2025/Team-2-GD2/ChickenGame/Content/ChickenGame/Materials/MaterialsForModels/MI_ChimenyChute.uasset" 1517
"C:/Users/jaedo/git stuff/2025/Team-2-GD2/ChickenGame/Content/ChickenGame/Materials/MaterialsForModels/MI_ChimenyChute.uexp" 1518
"C:/Users/jaedo/git stuff/2025/Team-2-GD2/ChickenGame/Content/LevelPrototyping/Meshes/SM_Ramp.ubulk" 1519
"C:/Users/jaedo/git stuff/2025/Team-2-GD2/ChickenGame/Content/LevelPrototyping/Meshes/SM_Ramp.uasset" 1520
"C:/Users/jaedo/git stuff/2025/Team-2-GD2/ChickenGame/Content/LevelPrototyping/Meshes/SM_Ramp.uexp" 1521
"../../../Engine/Plugins/Interchange/Assets/Content/gltf/MaterialInstances/MI_Transmission_DS.uasset" 1522
"../../../Engine/Plugins/Interchange/Assets/Content/gltf/MaterialInstances/MI_Transmission_DS.uexp" 1523
"C:/Users/jaedo/git stuff/2025/Team-2-GD2/ChickenGame/Content/ChickenGame/ImportedModels/Truck/Glass.uasset" 1524
"C:/Users/jaedo/git stuff/2025/Team-2-GD2/ChickenGame/Content/ChickenGame/ImportedModels/Truck/Glass.uexp" 1525
"C:/Users/jaedo/git stuff/2025/Team-2-GD2/ChickenGame/Content/ChickenGame/ImportedModels/Truck/Cube_016_Glass_0.ubulk" 1526
"C:/Users/jaedo/git stuff/2025/Team-2-GD2/ChickenGame/Content/ChickenGame/ImportedModels/Truck/Cube_016_Glass_0.uasset" 1527
"C:/Users/jaedo/git stuff/2025/Team-2-GD2/ChickenGame/Content/ChickenGame/ImportedModels/Truck/Cube_016_Glass_0.uexp" 1528
"C:/Users/jaedo/git stuff/2025/Team-2-GD2/ChickenGame/Content/ChickenEscape/bushs_and_leaves/bushnormallow_color.ubulk" 1529
"C:/Users/jaedo/git stuff/2025/Team-2-GD2/ChickenGame/Content/ChickenEscape/bushs_and_leaves/bushnormallow_color.uasset" 1530
"C:/Users/jaedo/git stuff/2025/Team-2-GD2/ChickenGame/Content/ChickenEscape/bushs_and_leaves/bushnormallow_color.uexp" 1531
"C:/Users/jaedo/git stuff/2025/Team-2-GD2/ChickenGame/Content/ChickenEscape/bushs_and_leaves/bushnormallow_normal.ubulk" 1532
"C:/Users/jaedo/git stuff/2025/Team-2-GD2/ChickenGame/Content/ChickenEscape/bushs_and_leaves/bushnormallow_normal.uasset" 1533
"C:/Users/jaedo/git stuff/2025/Team-2-GD2/ChickenGame/Content/ChickenEscape/bushs_and_leaves/bushnormallow_normal.uexp" 1534
"C:/Users/jaedo/git stuff/2025/Team-2-GD2/ChickenGame/Content/ChickenEscape/bushs_and_leaves/bushmat.uasset" 1535
"C:/Users/jaedo/git stuff/2025/Team-2-GD2/ChickenGame/Content/ChickenEscape/bushs_and_leaves/bushmat.uexp" 1536
"C:/Users/jaedo/git stuff/2025/Team-2-GD2/ChickenGame/Content/ChickenEscape/bushs_and_leaves/bushsquare.ubulk" 1537
"C:/Users/jaedo/git stuff/2025/Team-2-GD2/ChickenGame/Content/ChickenEscape/bushs_and_leaves/bushsquare.uasset" 1538
"C:/Users/jaedo/git stuff/2025/Team-2-GD2/ChickenGame/Content/ChickenEscape/bushs_and_leaves/bushsquare.uexp" 1539
"C:/Users/jaedo/git stuff/2025/Team-2-GD2/ChickenGame/Content/ChickenGame/ImportedModels/Windmill/M_WWC-Wood-Dark.uasset" 1540
"C:/Users/jaedo/git stuff/2025/Team-2-GD2/ChickenGame/Content/ChickenGame/ImportedModels/Windmill/M_WWC-Wood-Dark.uexp" 1541
"C:/Users/jaedo/git stuff/2025/Team-2-GD2/ChickenGame/Content/ChickenGame/ImportedModels/Windmill/SM_DariaPR_WindMill_Wood_M_WWC-Wood-Dark_0.ubulk" 1542
"C:/Users/jaedo/git stuff/2025/Team-2-GD2/ChickenGame/Content/ChickenGame/ImportedModels/Windmill/SM_DariaPR_WindMill_Wood_M_WWC-Wood-Dark_0.uasset" 1543
"C:/Users/jaedo/git stuff/2025/Team-2-GD2/ChickenGame/Content/ChickenGame/ImportedModels/Windmill/SM_DariaPR_WindMill_Wood_M_WWC-Wood-Dark_0.uexp" 1544
"C:/Users/jaedo/git stuff/2025/Team-2-GD2/ChickenGame/Content/ChickenEscape/buildings/poulallierfinal_color.ubulk" 1545
"C:/Users/jaedo/git stuff/2025/Team-2-GD2/ChickenGame/Content/ChickenEscape/buildings/poulallierfinal_color.uasset" 1546
"C:/Users/jaedo/git stuff/2025/Team-2-GD2/ChickenGame/Content/ChickenEscape/buildings/poulallierfinal_color.uexp" 1547
"C:/Users/jaedo/git stuff/2025/Team-2-GD2/ChickenGame/Content/ChickenEscape/buildings/poulallierfinal_metallic_png-poulallierfinal_roughness_png.ubulk" 1548
"C:/Users/jaedo/git stuff/2025/Team-2-GD2/ChickenGame/Content/ChickenEscape/buildings/poulallierfinal_metallic_png-poulallierfinal_roughness_png.uasset" 1549
"C:/Users/jaedo/git stuff/2025/Team-2-GD2/ChickenGame/Content/ChickenEscape/buildings/poulallierfinal_metallic_png-poulallierfinal_roughness_png.uexp" 1550
"C:/Users/jaedo/git stuff/2025/Team-2-GD2/ChickenGame/Content/ChickenEscape/buildings/poulallierfinal_normal.ubulk" 1551
"C:/Users/jaedo/git stuff/2025/Team-2-GD2/ChickenGame/Content/ChickenEscape/buildings/poulallierfinal_normal.uasset" 1552
"C:/Users/jaedo/git stuff/2025/Team-2-GD2/ChickenGame/Content/ChickenEscape/buildings/poulallierfinal_normal.uexp" 1553
"C:/Users/jaedo/git stuff/2025/Team-2-GD2/ChickenGame/Content/ChickenEscape/buildings/poupou.uasset" 1554
"C:/Users/jaedo/git stuff/2025/Team-2-GD2/ChickenGame/Content/ChickenEscape/buildings/poupou.uexp" 1555
"C:/Users/jaedo/git stuff/2025/Team-2-GD2/ChickenGame/Content/ChickenEscape/buildings/chickenhouse.ubulk" 1556
"C:/Users/jaedo/git stuff/2025/Team-2-GD2/ChickenGame/Content/ChickenEscape/buildings/chickenhouse.uasset" 1557
"C:/Users/jaedo/git stuff/2025/Team-2-GD2/ChickenGame/Content/ChickenEscape/buildings/chickenhouse.uexp" 1558
"../../../Engine/Content/EditorMeshes/EditorSphere.ubulk" 1559
"../../../Engine/Content/EditorMeshes/EditorSphere.uasset" 1560
"../../../Engine/Content/EditorMeshes/EditorSphere.uexp" 1561
"C:/Users/jaedo/git stuff/2025/Team-2-GD2/ChickenGame/Content/ChickenGame/Materials/MaterialsForModels/Walls3.uasset" 1562
"C:/Users/jaedo/git stuff/2025/Team-2-GD2/ChickenGame/Content/ChickenGame/Materials/MaterialsForModels/Walls3.uexp" 1563
"C:/Users/jaedo/git stuff/2025/Team-2-GD2/ChickenGame/Content/ChickenEscape/billboard/cautionshort.ubulk" 1564
"C:/Users/jaedo/git stuff/2025/Team-2-GD2/ChickenGame/Content/ChickenEscape/billboard/cautionshort.uasset" 1565
"C:/Users/jaedo/git stuff/2025/Team-2-GD2/ChickenGame/Content/ChickenEscape/billboard/cautionshort.uexp" 1566
"C:/Users/jaedo/git stuff/2025/Team-2-GD2/ChickenGame/Content/ChickenGame/Materials/Parent/M_Blackout.uasset" 1567
"C:/Users/jaedo/git stuff/2025/Team-2-GD2/ChickenGame/Content/ChickenGame/Materials/Parent/M_Blackout.uexp" 1568
"C:/Users/jaedo/git stuff/2025/Team-2-GD2/ChickenGame/Content/ChickenGame/Maps/BarnYard1_BuiltData.ubulk" 1569
"C:/Users/jaedo/git stuff/2025/Team-2-GD2/ChickenGame/Content/ChickenGame/Maps/BarnYard1_BuiltData.uasset" 1570
"C:/Users/jaedo/git stuff/2025/Team-2-GD2/ChickenGame/Content/ChickenGame/Maps/BarnYard1_BuiltData.uexp" 1571
"C:/Users/jaedo/git stuff/2025/Team-2-GD2/ChickenGame/Content/ChickenEscape/bushs_and_leaves/bushspike.ubulk" 1572
"C:/Users/jaedo/git stuff/2025/Team-2-GD2/ChickenGame/Content/ChickenEscape/bushs_and_leaves/bushspike.uasset" 1573
"C:/Users/jaedo/git stuff/2025/Team-2-GD2/ChickenGame/Content/ChickenEscape/bushs_and_leaves/bushspike.uexp" 1574
"C:/Users/jaedo/git stuff/2025/Team-2-GD2/ChickenGame/Content/ChickenGame/Materials/MaterialsForModels/M_BaseMaterial.uasset" 1575
"C:/Users/jaedo/git stuff/2025/Team-2-GD2/ChickenGame/Content/ChickenGame/Materials/MaterialsForModels/M_BaseMaterial.uexp" 1576
"C:/Users/jaedo/git stuff/2025/Team-2-GD2/ChickenGame/Content/ChickenGame/Materials/MaterialsForModels/MI_DeathFloor.uasset" 1577
"C:/Users/jaedo/git stuff/2025/Team-2-GD2/ChickenGame/Content/ChickenGame/Materials/MaterialsForModels/MI_DeathFloor.uexp" 1578
"C:/Users/jaedo/git stuff/2025/Team-2-GD2/ChickenGame/Content/ChickenGame/Materials/Decals/MI_CrossShiny.uasset" 1579
"C:/Users/jaedo/git stuff/2025/Team-2-GD2/ChickenGame/Content/ChickenGame/Materials/Decals/MI_CrossShiny.uexp" 1580
"C:/Users/jaedo/git stuff/2025/Team-2-GD2/ChickenGame/Content/ChickenEscape/bottedefoin/foin_color.ubulk" 1581
"C:/Users/jaedo/git stuff/2025/Team-2-GD2/ChickenGame/Content/ChickenEscape/bottedefoin/foin_color.uasset" 1582
"C:/Users/jaedo/git stuff/2025/Team-2-GD2/ChickenGame/Content/ChickenEscape/bottedefoin/foin_color.uexp" 1583
"C:/Users/jaedo/git stuff/2025/Team-2-GD2/ChickenGame/Content/ChickenEscape/bottedefoin/FOIN.uasset" 1584
"C:/Users/jaedo/git stuff/2025/Team-2-GD2/ChickenGame/Content/ChickenEscape/bottedefoin/FOIN.uexp" 1585
"C:/Users/jaedo/git stuff/2025/Team-2-GD2/ChickenGame/Content/ChickenGame/Maps/BarnYard1.uexp" 1586
"C:/Users/jaedo/git stuff/2025/Team-2-GD2/ChickenGame/Content/ChickenGame/Maps/BarnYard1.umap" 1587
"C:/Users/jaedo/git stuff/2025/Team-2-GD2/ChickenGame/Content/BluePrints/Enemys/BP_StaticBrainDead.uasset" 1588
"C:/Users/jaedo/git stuff/2025/Team-2-GD2/ChickenGame/Content/BluePrints/Enemys/BP_StaticBrainDead.uexp" 1589
"C:/Users/jaedo/git stuff/2025/Team-2-GD2/ChickenGame/Content/ChickenGame/Audio/Music/Intro_Level__Narration.ubulk" 1590
"C:/Users/jaedo/git stuff/2025/Team-2-GD2/ChickenGame/Content/ChickenGame/Audio/Music/Intro_Level__Narration.uasset" 1591
"C:/Users/jaedo/git stuff/2025/Team-2-GD2/ChickenGame/Content/ChickenGame/Audio/Music/Intro_Level__Narration.uexp" 1592
"C:/Users/jaedo/git stuff/2025/Team-2-GD2/ChickenGame/Content/ChickenGame/Widgets/W_Intro_Narration.uasset" 1593
"C:/Users/jaedo/git stuff/2025/Team-2-GD2/ChickenGame/Content/ChickenGame/Widgets/W_Intro_Narration.uexp" 1594
"C:/Users/jaedo/git stuff/2025/Team-2-GD2/ChickenGame/Content/ChickenGame/Widgets/flutterBounce_title.uasset" 1595
"C:/Users/jaedo/git stuff/2025/Team-2-GD2/ChickenGame/Content/ChickenGame/Widgets/flutterBounce_title.uexp" 1596
"C:/Users/jaedo/git stuff/2025/Team-2-GD2/ChickenGame/Content/ChickenGame/Widgets/W_MainMenu.uasset" 1597
"C:/Users/jaedo/git stuff/2025/Team-2-GD2/ChickenGame/Content/ChickenGame/Widgets/W_MainMenu.uexp" 1598
"C:/Users/jaedo/git stuff/2025/Team-2-GD2/ChickenGame/Content/ChickenGame/Maps/MainMenu_BuiltData.ubulk" 1599
"C:/Users/jaedo/git stuff/2025/Team-2-GD2/ChickenGame/Content/ChickenGame/Maps/MainMenu_BuiltData.uasset" 1600
"C:/Users/jaedo/git stuff/2025/Team-2-GD2/ChickenGame/Content/ChickenGame/Maps/MainMenu_BuiltData.uexp" 1601
"C:/Users/jaedo/git stuff/2025/Team-2-GD2/ChickenGame/Content/ChickenGame/Maps/MainMenu.uexp" 1602
"C:/Users/jaedo/git stuff/2025/Team-2-GD2/ChickenGame/Content/ChickenGame/Maps/MainMenu.umap" 1603
"../../../Engine/Content/Maps/Entry_BuiltData.uasset" 1604
"../../../Engine/Content/Maps/Entry_BuiltData.uexp" 1605
"../../../Engine/Content/Maps/Entry.uexp" 1606
"../../../Engine/Content/Maps/Entry.umap" 1607
